Sample name,Sample type,Variety,Region (AVA),County,GPS,Year,Replicate,Plastic,NoPlastic,UWSH,WSH,NCARB,CARB,NCARB_CARB,WC,Rose,ASH,CNTRL,free_guaiacol,free_4-methylguaiacol,free_o-cresol,free_phenol,free_4-ethylguaiacol,free_p-cresol,free_m-cresol,free_4-ethylphenol,free_syringol,free_4-methylsyringol,total_guaiacol,total_4-methylguaiacol,total_o-cresol,total_phenol,total_4-ethylguaiacol,total_p-cresol,total_m-cresol,total_4-ethylphenol,total_syringol,total_4-methylsyringol,Sensory_ash (smoke taint out of 100)
20CF_AT,Grapes,CF,Napa Valley,Napa,"38°28'11""N  122°22'02"" W",2020,1,0,0,0,0,0,0,0,0,0,0,0,1.7065,0.1518,0.9464,1.9597,0.0000,1.3256,0.2590,0.3780,0.1763,0.0277,16.8740,3.8969,3.1151,7.3608,0.0655,3.9594,2.7970,1.4006,40.2635,5.6685,N/A
20CF_AT,Grapes,CF,Napa Valley,Napa,"38°28'11""N  122°22'02"" W",2020,2,0,0,0,0,0,0,0,0,0,0,0,1.6854,0.1563,0.9157,1.9504,0.0000,1.3326,0.2523,0.3719,0.1643,0.0261,16.8554,3.7989,3.1047,7.5123,0.0693,3.8931,2.7659,1.3832,39.6510,5.3006,N/A
20CF_AT,Grapes,CF,Napa Valley,Napa,"38°28'11""N  122°22'02"" W",2020,3,0,0,0,0,0,0,0,0,0,0,0,1.6739,0.1515,0.9156,1.8602,0.0000,1.2966,0.2504,0.3664,0.1624,0.0207,17.2279,3.9637,3.1930,7.6590,0.0706,4.0168,2.8585,1.4234,40.3186,5.5509,N/A
20CS_AT,Grapes,CS,Napa Valley,Napa,"38°28'10""N 122°21'01"" W",2020,1,0,0,0,0,0,0,0,0,0,0,0,1.6833,0.1167,1.5159,1.8262,0.0000,1.3703,0.1826,0.4156,0.2338,0.0532,8.8124,1.5622,3.0853,6.2895,0.0486,2.7518,1.5566,1.0147,24.0227,2.1570,N/A
20CS_AT,Grapes,CS,Napa Valley,Napa,"38°28'10""N 122°21'01"" W",2020,2,0,0,0,0,0,0,0,0,0,0,0,1.7045,0.1622,1.5166,1.8391,0.0000,1.3700,0.1812,0.4188,0.2497,0.0528,8.8929,1.7057,3.0891,6.3717,0.0852,2.9005,1.5623,0.9769,24.2177,2.3548,N/A
20CS_AT,Grapes,CS,Napa Valley,Napa,"38°28'10""N 122°21'01"" W",2020,3,0,0,0,0,0,0,0,0,0,0,0,1.6845,0.1256,1.4783,1.8275,0.0000,1.3323,0.1762,0.3952,0.2656,0.0524,8.9976,1.6436,3.1168,6.4521,0.0618,2.8154,1.5958,1.0218,24.1131,2.4163,N/A
20PV_AT,Grapes,PV,Napa Valley,Napa,"38°28'09"" N  122°21'00"" W",2020,1,0,0,0,0,0,0,0,0,0,0,0,6.3231,0.3621,1.9220,1.4855,0.0000,1.7454,0.3239,0.4024,0.4386,0.0263,35.7504,5.6923,3.8527,6.6347,0.1134,2.3683,2.4833,1.2970,48.1282,2.7638,N/A
20PV_AT,Grapes,PV,Napa Valley,Napa,"38°28'09"" N  122°21'00"" W",2020,2,0,0,0,0,0,0,0,0,0,0,0,6.2970,0.3635,1.9149,1.4421,0.0000,1.7357,0.3242,0.3959,0.4428,0.0262,35.0233,5.7749,3.7864,6.3439,0.1071,2.3803,2.4748,1.2676,47.9279,2.8455,N/A
20PV_AT,Grapes,PV,Napa Valley,Napa,"38°28'09"" N  122°21'00"" W",2020,3,0,0,0,0,0,0,0,0,0,0,0,6.2784,0.3605,1.8851,1.4597,0.0000,1.7506,0.3303,0.3908,0.4304,0.0261,35.8221,5.6244,3.8382,6.6693,0.1071,2.3811,2.4837,1.3002,48.3025,2.7913,N/A
20CF_ATVF,Grapes,CF,St. Helena,Napa,"38°31'26""N  122°29'53"" W",2020,1,0,0,0,0,0,0,0,0,0,0,0,2.6572,0.2256,2.4474,1.8364,0.0716,1.3726,0.2648,0.8240,0.5850,0.1995,33.5092,11.6172,7.3665,16.3022,0.8584,7.2156,7.4955,3.1259,92.9502,16.6972,N/A
20CF_ATVF,Grapes,CF,St. Helena,Napa,"38°31'26""N  122°29'53"" W",2020,2,0,0,0,0,0,0,0,0,0,0,0,2.6744,0.2308,2.4346,1.8135,0.0735,1.3603,0.2621,0.8228,0.5769,0.1945,33.1630,11.5802,7.2998,15.9457,0.8570,7.2837,7.3240,3.0550,91.7377,18.6949,N/A
20CF_ATVF,Grapes,CF,St. Helena,Napa,"38°31'26""N  122°29'53"" W",2020,3,0,0,0,0,0,0,0,0,0,0,0,2.6499,0.2493,2.3795,1.8527,0.0759,1.3467,0.2650,0.8099,0.6193,0.2057,33.0408,11.7475,7.2832,15.7424,0.8588,7.2192,7.3597,3.0960,93.4071,17.8867,N/A
20CS_ATVF_B1,Grapes,CS,St. Helena,Napa,"38°31'21""N 122°29'58"" W",2020,1,0,0,0,0,0,0,0,0,0,0,0,2.5245,0.2658,2.9435,1.4862,0.0393,1.8447,0.3219,0.7094,0.5478,0.0938,15.9484,2.7177,5.8090,13.2745,0.1982,3.1845,3.1996,2.0801,32.7102,3.5880,N/A
20CS_ATVF_B1,Grapes,CS,St. Helena,Napa,"38°31'21""N 122°29'58"" W",2020,2,0,0,0,0,0,0,0,0,0,0,0,2.4602,0.2588,2.9494,1.4640,0.0343,1.8434,0.3229,0.7103,0.5319,0.0997,16.0105,2.6884,5.8468,13.6053,0.1954,3.2030,3.2105,2.0775,32.4697,3.4987,N/A
20CS_ATVF_B1,Grapes,CS,St. Helena,Napa,"38°31'21""N 122°29'58"" W",2020,3,0,0,0,0,0,0,0,0,0,0,0,2.4926,0.2516,2.9674,1.4698,0.0394,1.8584,0.3253,0.7224,0.5260,0.0992,15.9904,2.5625,5.8646,14.0232,0.1977,3.2411,3.2399,2.1102,33.2667,3.3491,N/A
20CS_ATVF_B2,Grapes,CS,St. Helena,Napa,"38°31'21""N 122°29'58"" W",2020,1,0,0,0,0,0,0,0,0,0,0,0,5.6399,0.7157,4.5442,5.2371,0.2006,3.1867,1.1880,0.8334,5.8414,0.8874,51.6624,12.4436,15.4826,60.1760,1.3382,10.5790,18.7455,5.6752,119.2178,15.7312,N/A
20CS_ATVF_B2,Grapes,CS,St. Helena,Napa,"38°31'21""N 122°29'58"" W",2020,2,0,0,0,0,0,0,0,0,0,0,0,5.2575,0.7270,4.2077,5.1542,0.1809,2.9384,1.1098,0.7853,5.8910,0.8078,52.1350,12.1911,15.6340,64.1141,1.4394,11.0462,19.1756,6.1127,121.1094,16.1450,N/A
20CS_ATVF_B2,Grapes,CS,St. Helena,Napa,"38°31'21""N 122°29'58"" W",2020,3,0,0,0,0,0,0,0,0,0,0,0,5.4147,0.7301,4.1525,5.2340,0.1823,2.8672,1.0907,0.7884,5.7410,0.7371,51.8983,12.1117,15.6264,61.7429,1.3373,10.5864,18.9194,5.8727,121.4354,15.2576,N/A
20PV_ATVF,Grapes,PV,St. Helena,Napa,"38°31'26""N  122°29'51"" W",2020,1,0,0,0,0,0,0,0,0,0,0,0,13.2160,0.3949,3.6328,1.7994,0.0000,1.2512,0.2085,1.1291,0.6367,0.1328,87.4296,29.1913,9.6170,14.8479,1.2568,4.9566,7.0912,3.4597,110.4647,19.5049,N/A
20PV_ATVF,Grapes,PV,St. Helena,Napa,"38°31'26""N  122°29'51"" W",2020,2,0,0,0,0,0,0,0,0,0,0,0,13.1349,0.3910,3.5754,1.7961,0.0000,1.2415,0.2133,1.0895,0.6007,0.0952,88.8782,29.9460,9.8480,15.3623,1.2902,5.2017,7.3964,3.5608,112.0406,20.6206,N/A
20PV_ATVF,Grapes,PV,St. Helena,Napa,"38°31'26""N  122°29'51"" W",2020,3,0,0,0,0,0,0,0,0,0,0,0,13.0611,0.4022,3.5497,1.7853,0.0000,1.2363,0.2031,1.0700,0.5899,0.1296,87.6756,29.2424,9.6947,14.9290,1.2672,5.0035,7.1606,3.5378,111.2551,18.9927,N/A
20CS_PMV,Grapes,CS,Spring Mountain District,Napa,"38°32'06.5""N 122°33'46.5""W",2020,1,0,0,0,0,0,0,0,0,0,0,0,3.0337,0.1685,2.6874,2.0873,0.0000,1.4445,0.3194,0.5829,0.3022,0.0269,22.1517,4.3467,6.9308,12.9884,0.1703,6.3149,4.6278,2.6074,62.1915,12.7051,N/A
20CS_PMV,Grapes,CS,Spring Mountain District,Napa,"38°32'06.5""N 122°33'46.5""W",2020,2,0,0,0,0,0,0,0,0,0,0,0,3.0332,0.2614,2.7781,1.6714,0.0000,1.8318,0.3993,0.4307,0.3477,0.0173,22.2266,4.2467,6.9369,13.0093,0.1776,6.1023,4.5486,2.5954,61.8312,12.0174,N/A
20CS_PMV,Grapes,CS,Spring Mountain District,Napa,"38°32'06.5""N 122°33'46.5""W",2020,3,0,0,0,0,0,0,0,0,0,0,0,3.0433,0.2547,2.8013,1.7142,0.0000,1.8538,0.4011,0.4515,0.3287,0.0229,22.5554,4.2738,6.9557,13.4495,0.1779,6.2619,4.6269,2.6134,62.6581,12.5236,N/A
20ME_PMV,Grapes,ME,Spring Mountain District,Napa,"38°32'06.5""N 122°33'46.5""W",2020,1,0,0,0,0,0,0,0,0,0,0,0,6.2126,0.4644,2.4973,4.5391,0.0569,2.7785,0.7099,0.3612,0.6211,0.0000,108.9230,49.5210,19.0913,76.3430,1.4233,31.1112,29.0994,7.6398,159.8386,45.8217,N/A
20ME_PMV,Grapes,ME,Spring Mountain District,Napa,"38°32'06.5""N 122°33'46.5""W",2020,2,0,0,0,0,0,0,0,0,0,0,0,6.1724,0.4675,2.4259,4.5061,0.0518,2.7226,0.6914,0.3328,0.6175,0.0000,109.4631,48.1935,18.3486,73.3660,1.3954,29.8145,27.5061,7.1068,159.8936,45.3517,N/A
20ME_PMV,Grapes,ME,Spring Mountain District,Napa,"38°32'06.5""N 122°33'46.5""W",2020,3,0,0,0,0,0,0,0,0,0,0,0,6.4118,0.5013,2.5047,4.6843,0.0659,2.9336,0.7344,0.3724,0.6720,0.0000,107.7036,47.5369,18.2189,74.0905,1.3421,29.4235,27.4906,7.0846,158.3082,43.1152,N/A
20CS_AV,Grapes,CS,Russian River Valley,Sonoma,"38°36'02.5""N 122°46'21.3""W",2020,1,0,0,0,0,0,0,0,0,0,0,0,1.5034,0.4689,0.8450,4.6656,0.0681,3.0474,0.6894,0.2466,0.8570,0.0000,15.2756,1.9831,2.8762,17.2821,0.2880,4.5888,2.4454,1.8390,19.1454,0.3198,N/A
20CS_AV,Grapes,CS,Russian River Valley,Sonama,"38°36'02.5""N 122°46'21.3""W",2020,2,0,0,0,0,0,0,0,0,0,0,0,1.4800,0.4661,0.8122,4.9689,0.0692,3.0112,0.6832,0.2415,0.8095,0.0000,14.2454,1.8815,2.8297,16.6314,0.2868,4.6471,2.5258,1.9468,19.6147,0.3487,N/A
20CS_AV,Grapes,CS,Russian River Valley,Sonoma,"38°36'02.5""N 122°46'21.3""W",2020,3,0,0,0,0,0,0,0,0,0,0,0,1.5795,0.4876,0.8580,5.2212,0.0672,3.1452,0.7059,0.2569,0.9475,0.0000,13.9266,1.8876,2.8775,16.9696,0.3123,4.6508,2.4707,1.8488,19.8276,0.3556,N/A
20CS_OAK,Grapes,CS,Oakville,Napa,"38°25'15.8""N 122°23'57.6""W",2020,1,0,0,0,0,0,0,0,0,0,0,0,1.2523,0.4612,0.3657,4.2171,0.0754,2.7764,0.6166,0.2114,0.7170,0.0000,11.3636,1.5323,1.6755,11.7932,0.2693,2.8807,1.7977,1.4137,20.5976,0.3326,N/A
20CS_OAK,Grapes,CS,Oakville,Napa,"38°25'15.8""N 122°23'57.6""W",2020,2,0,0,0,0,0,0,0,0,0,0,0,1.2802,0.4731,0.3536,4.7723,0.0617,2.8334,0.6267,0.2180,0.7316,0.0000,11.0152,1.5262,1.6881,12.2700,0.2678,2.7970,1.7195,1.3833,20.1089,0.3443,N/A
20CS_OAK,Grapes,CS,Oakville,Napa,"38°25'15.8""N 122°23'57.6""W",2020,3,0,0,0,0,0,0,0,0,0,0,0,1.2825,0.4628,0.3782,4.5718,0.0659,2.8486,0.6130,0.2158,1.0113,0.0000,11.3123,1.4040,1.7023,12.7312,0.2585,2.9296,1.7960,1.4600,20.6596,0.3290,N/A
20ME_OAK,Grapes,ME,Oakville,Napa,"38°25'15.8""N 122°23'57.6""W",2020,1,0,0,0,0,0,0,0,0,0,0,0,0.5915,0.0624,0.1834,2.1647,0.0000,0.7616,0.1580,0.0000,0.1557,0.0000,17.9096,2.4828,2.5880,15.1120,0.3293,5.2583,2.5638,2.8758,10.7790,0.5546,N/A
20ME_OAK,Grapes,ME,Oakville,Napa,"38°25'15.8""N 122°23'57.6""W",2020,2,0,0,0,0,0,0,0,0,0,0,0,0.5964,0.0620,0.1712,2.2792,0.0000,0.7359,0.1751,0.0000,0.1521,0.0000,18.1729,2.4839,2.6490,15.8326,0.3591,5.1854,2.6800,3.2411,10.1160,0.5994,N/A
20ME_OAK,Grapes,ME,Oakville,Napa,"38°25'15.8""N 122°23'57.6""W",2020,3,0,0,0,0,0,0,0,0,0,0,0,0.5939,0.0622,0.1773,2.2219,0.0000,0.7488,0.1666,0.0000,0.1539,0.0000,18.0413,2.4833,2.6185,15.4723,0.3442,5.2218,2.6219,3.0584,10.4475,0.5770,N/A
20CF_OAK,Grapes,CF,Oakville,Napa,"38°25'15.8""N 122°23'57.6""W",2020,1,0,0,0,0,0,0,0,0,0,0,0,0.9751,0.0821,0.5201,2.5742,0.0000,0.7761,0.1938,0.0808,0.4533,0.0000,17.8950,2.3278,2.8793,15.3444,0.4289,4.8555,2.1042,4.0505,13.2936,0.6113,N/A
20CF_OAK,Grapes,CF,Oakville,Napa,"38°25'15.8""N 122°23'57.6""W",2020,2,0,0,0,0,0,0,0,0,0,0,0,0.9571,0.0826,0.5134,2.4962,0.0000,0.7426,0.2070,0.0777,0.4663,0.0000,17.6972,2.2725,2.9842,14.8879,0.4226,5.1286,2.2328,4.2430,13.9869,0.6240,N/A
20CF_OAK,Grapes,CF,Oakville,Napa,"38°25'15.8""N 122°23'57.6""W",2020,3,0,0,0,0,0,0,0,0,0,0,0,0.9649,0.0836,0.5174,2.5253,0.0000,0.7204,0.1914,0.0786,0.4021,0.0000,17.1461,2.3441,2.9450,14.0376,0.4376,4.8524,2.1085,4.0811,13.8323,0.7930,N/A
20CS_HB,Grapes,CS,Dry Greek Valley,Sonoma,"38°37'11.4""N 122°56'07.3""W",2020,1,0,0,0,0,0,0,0,0,0,0,0,14.2374,0.4746,12.6354,2.7549,0.0616,1.4199,1.1368,2.4835,1.2820,0.0904,49.7467,8.5394,21.1281,24.8671,0.3393,10.3724,10.5660,7.4384,358.1796,58.1782,N/A
20CS_HB,Grapes,CS,Dry Greek Valley,Sonoma,"38°37'11.4""N 122°56'07.3""W",2020,2,0,0,0,0,0,0,0,0,0,0,0,14.3045,0.5699,12.7659,2.3586,0.0510,1.8716,1.2250,2.3192,1.4094,0.0955,49.6735,8.4869,21.0149,24.9835,0.3382,10.3283,10.5424,7.3682,352.6459,56.5262,N/A
20CS_HB,Grapes,CS,Dry Greek Valley,Sonoma,"38°37'11.4""N 122°56'07.3""W",2020,3,0,0,0,0,0,0,0,0,0,0,0,14.3092,0.4920,12.6239,2.7207,0.0620,1.4063,1.1169,2.4619,1.2848,0.0885,49.8578,8.6818,21.1194,24.7402,0.3350,10.4125,10.6290,7.4708,357.0961,58.2888,N/A
20MA_HB,Grapes,MA,Dry Greek Valley,Sonoma,"38°37'11.4""N 122°56'07.3""W",2020,1,0,0,0,0,0,0,0,0,0,0,0,5.5059,0.6184,2.6324,4.6718,0.0600,2.6046,1.0516,0.3420,0.4956,0.0000,83.3368,43.0861,25.0424,101.8151,1.4362,45.0462,34.0583,13.8345,117.0416,19.1486,N/A
20MA_HB,Grapes,MA,Dry Greek Valley,Sonoma,"38°37'11.4""N 122°56'07.3""W",2020,2,0,0,0,0,0,0,0,0,0,0,0,5.4265,0.5929,2.6350,4.8824,0.0606,2.6609,1.0382,0.3277,0.5132,0.0000,81.7886,42.2056,25.0245,100.9691,1.4306,45.4208,33.9622,14.0204,112.5479,17.9734,N/A
20MA_HB,Grapes,MA,Dry Greek Valley,Sonoma,"38°37'11.4""N 122°56'07.3""W",2020,3,0,0,0,0,0,0,0,0,0,0,0,5.4906,0.6281,2.5856,4.9926,0.0629,2.8824,1.0584,0.3285,0.5696,0.0000,81.4729,41.8412,24.7440,97.7238,1.4006,44.6033,33.1412,13.8632,113.5866,18.4059,N/A
20SY_HB,Grapes,SY,Dry Greek Valley,Sonoma,"38°37'11.4""N 122°56'07.3""W",2020,1,0,0,0,0,0,0,0,0,0,0,0,6.9908,0.5336,2.9932,4.7768,0.0484,2.6616,0.9845,0.3162,0.7204,0.0000,158.3901,43.4723,21.4083,86.5774,0.5248,33.7982,30.0486,7.8064,126.9910,29.3564,N/A
20SY_HB,Grapes,SY,Dry Greek Valley,Sonoma,"38°37'11.4""N 122°56'07.3""W",2020,2,0,0,0,0,0,0,0,0,0,0,0,6.7839,0.5164,2.9665,4.6717,0.0000,2.6361,0.9809,0.3060,0.5946,0.0000,158.7302,42.7848,21.3324,87.7338,0.5317,33.3278,29.6140,7.7746,128.2634,28.0302,N/A
20SY_HB,Grapes,SY,Dry Greek Valley,Sonoma,"38°37'11.4""N 122°56'07.3""W",2020,3,0,0,0,0,0,0,0,0,0,0,0,6.9784,0.5438,2.9896,4.8066,0.0581,2.7995,1.0492,0.3127,0.6942,0.0000,160.4324,43.1208,21.5197,87.9526,0.5411,33.7310,29.9358,8.2348,128.1058,28.5580,N/A
20SB_HB,Grapes,SB,Dry Greek Valley,Sonoma,"38°37'11.4""N 122°56'07.3""W",2020,1,0,0,0,0,0,0,0,0,0,0,0,3.6143,0.4741,4.4861,4.7793,0.0544,1.0554,0.8886,0.2524,0.5226,0.2099,11.5420,1.8074,4.5589,21.4666,0.6786,10.6416,3.3755,5.3889,2.0592,0.7848,N/A
20SB_HB,Grapes,SB,Dry Greek Valley,Sonoma,"38°37'11.4""N 122°56'07.3""W",2020,2,0,0,0,0,0,0,0,0,0,0,0,3.5381,0.4443,4.3317,4.7746,0.0502,0.9770,0.8881,0.2616,0.5818,0.1773,11.4456,1.7912,4.5664,21.4179,0.7118,10.1644,3.3056,5.5590,2.1497,0.7550,N/A
20SB_HB,Grapes,SB,Dry Greek Valley,Sonoma,"38°37'11.4""N 122°56'07.3""W",2020,3,0,0,0,0,0,0,0,0,0,0,0,3.5635,0.4565,4.3247,4.9044,0.0526,0.9880,0.9077,0.2551,0.4618,0.1738,11.0179,1.8003,4.9825,92.5102,0.7032,10.8213,3.5300,5.2174,2.0079,0.6684,N/A
20BA_RMI,Grapes,BA,Yolo County,Yolo County,"38.531226, -121.754504",2020,1,0,0,0,0,0,0,0,0,0,0,0,0.8517,0.1801,0.3115,6.3783,0.0000,2.2114,0.3836,0.1477,0.1582,0.0000,11.1424,1.5318,2.0255,15.9031,0.2994,4.2938,2.2808,2.1403,10.88,0.8915,N/A
20BA_RMI,Grapes,BA,Yolo County,Yolo County,"38.531226, -121.754504",2020,2,0,0,0,0,0,0,0,0,0,0,0,0.8778,0.1937,0.3154,6.7140,0.0000,2.1858,0.3688,0.1450,0.1455,0.0000,11.0465,1.5090,2.0554,16.8083,0.3014,4.2574,2.2886,2.0863,10.27,0.7474,N/A
20BA_RMI,Grapes,BA,Yolo County,Yolo County,"38.531226, -121.754504",2020,3,0,0,0,0,0,0,0,0,0,0,0,0.8540,0.1656,0.3053,7.0497,0.0000,2.1698,0.3580,0.1294,0.1514,0.0000,11.2852,1.4385,1.9988,16.8737,0.2843,4.3201,2.2765,2.0710,10.32,0.7954,N/A
20CS_RMI_R61_Plastic,Grapes,CS,Yolo County,Yolo County,"38.531226, -121.754504",2020,1,1,0,0,0,0,0,0,0,0,0,0,0.8926,0.0898,0.7106,3.0131,0.0000,1.0116,0.2290,0.1493,0.5004,0.0000,13.6155,1.5412,2.4367,17.1921,0.2498,5.2199,2.0200,2.5720,16.5656,0.4303,N/A
20CS_RMI_R61_Plastic,Grapes,CS,Yolo County,Yolo County,"38.531226, -121.754504",2020,2,1,0,0,0,0,0,0,0,0,0,0,0.9224,0.0894,0.7143,3.2476,0.0000,0.9887,0.2246,0.1450,0.5414,0.0000,14.1069,1.5779,2.4508,16.3045,0.2528,5.1002,1.9701,2.5223,16.7532,0.4345,N/A
20CS_RMI_R61_Plastic,Grapes,CS,Yolo County,Yolo County,"38.531226, -121.754504",2020,3,1,0,0,0,0,0,0,0,0,0,0,0.8884,0.0897,0.6979,2.9947,0.0000,0.9861,0.2217,0.1513,0.5196,0.0000,14.1445,1.5588,2.4558,17.0202,0.2598,5.1408,1.9832,2.6638,16.2680,0.3976,N/A
20CS_RMI_R61_NoPlastic,Grapes,CS,Yolo County,Yolo County,"38.531226, -121.754504",2020,1,0,1,0,0,0,0,0,0,0,0,0,0.8983,0.0984,0.5791,2.9806,0.0419,1.0049,0.2499,0.1358,0.4385,0.0000,15.6476,1.7514,2.6208,19.2368,0.3182,6.5956,2.4100,3.3299,16.1302,0.3328,N/A
20CS_RMI_R61_NoPlastic,Grapes,CS,Yolo County,Yolo County,"38.531226, -121.754504",2020,2,0,1,0,0,0,0,0,0,0,0,0,0.9162,0.0937,0.5582,2.8816,0.0424,0.9824,0.2153,0.1272,0.4956,0.0000,15.8663,1.7531,2.7056,20.2886,0.3282,6.4765,2.3442,3.5566,15.8461,0.3492,N/A
20CS_RMI_R61_NoPlastic,Grapes,CS,Yolo County,Yolo County,"38.531226, -121.754504",2020,3,0,1,0,0,0,0,0,0,0,0,0,0.9121,0.1017,0.5587,2.9413,0.0395,0.9438,0.2310,0.1214,0.4874,0.0000,15.8482,1.7632,2.6056,19.7016,0.3217,6.3982,2.2400,3.4657,15.2535,0.3671,N/A
20CS_RMI_R61_UWSH,Grapes,CS,Yolo County,Yolo County,"38.531226, -121.754504",2020,1,0,0,1,0,0,0,0,0,0,0,0,1.0837,0.1259,0.9116,2.6600,0.0512,0.9850,0.2392,0.1314,0.5760,0.1210,13.9744,1.3510,2.4664,15.8628,0.2204,4.3356,1.7485,2.5128,15.8069,0.4438,N/A
20CS_RMI_R61_UWSH,Grapes,CS,Yolo County,Yolo County,"38.531226, -121.754504",2020,2,0,0,1,0,0,0,0,0,0,0,0,1.0699,0.0921,0.8628,2.8716,0.0276,0.9211,0.2101,0.1366,0.5422,0.0000,14.0965,1.3972,2.4900,15.9471,0.2156,4.3775,1.7453,2.5541,16.7722,0.5312,N/A
20CS_RMI_R61_UWSH,Grapes,CS,Yolo County,Yolo County,"38.531226, -121.754504",2020,3,0,0,1,0,0,0,0,0,0,0,0,1.0754,0.1000,0.8595,2.9515,0.0262,0.9340,0.2163,0.1280,0.5366,0.0000,14.9437,1.3380,2.4675,15.8995,0.2231,4.2478,1.6844,2.7899,16.2104,0.3893,N/A
20CS_RMI_R61_WSH,Grapes,CS,Yolo County,Yolo County,"38.531226, -121.754504",2020,1,0,0,0,1,0,0,0,0,0,0,0,0.9278,0.0926,0.8527,2.7605,0.0305,0.8753,0.2035,0.1361,0.4787,0.0000,14.9739,1.3899,2.4606,15.0201,0.2214,4.0070,1.8175,2.6730,16.0860,0.2975,N/A
20CS_RMI_R61_WSH,Grapes,CS,Yolo County,Yolo County,"38.531226, -121.754504",2020,2,0,0,0,1,0,0,0,0,0,0,0,0.9446,0.0944,0.8750,2.7209,0.0000,0.8795,0.1862,0.1400,0.5082,0.0000,14.8938,1.3886,2.5133,15.2280,0.2260,3.9999,1.6672,2.4378,15.7568,0.2869,N/A
20CS_RMI_R61_WSH,Grapes,CS,Yolo County,Yolo County,"38.531226, -121.754504",2020,3,0,0,0,1,0,0,0,0,0,0,0,0.9776,0.0974,0.8510,3.3608,0.0000,0.8446,0.1954,0.1376,0.4664,0.0000,14.2011,1.3978,2.5579,15.4376,0.2275,4.3167,1.8145,2.6730,15.9733,0.2921,N/A
20CS_RMI_R24 25 58,Grapes,CS,Yolo County,Yolo County,"38.531226, -121.754504",2020,1,0,0,0,0,0,0,0,0,0,0,0,1.1757,0.0952,0.8117,2.9710,0.0246,0.9672,0.2358,0.1304,0.5416,0.0000,17.9417,1.6962,2.9611,24.2437,0.2624,5.7743,2.3144,3.6925,19.5155,0.3603,N/A
20CS_RMI_R24 25 58,Grapes,CS,Yolo County,Yolo County,"38.531226, -121.754504",2020,2,0,0,0,0,0,0,0,0,0,0,0,1.1957,0.0906,0.7904,3.6124,0.0268,0.9077,0.2474,0.1282,0.5263,0.0000,17.4868,1.7059,2.9225,23.8858,0.2674,5.8410,2.3453,3.6585,19.4948,0.4019,N/A
20CS_RMI_R24 25 58,Grapes,CS,Yolo County,Yolo County,"38.531226, -121.754504",2020,3,0,0,0,0,0,0,0,0,0,0,0,1.2221,0.1008,0.8358,3.1824,0.0294,0.9913,0.2446,0.1347,0.5484,0.0000,16.8046,1.6782,2.8859,23.6568,0.2410,5.8272,2.2559,3.6228,18.6325,0.3935,N/A
20GN_RMI,Grapes,GN,Yolo County,Yolo County,"38.531226, -121.754504",2020,1,0,0,0,0,0,0,0,0,0,0,0,0.3519,0.1256,0.4959,5.1924,0.0000,3.8994,0.3817,0.1858,0.5168,0.0000,15.3073,2.9148,5.9176,22.7123,0.5936,8.2405,3.9495,2.6439,9.9339,1.1216,N/A
20GN_RMI,Grapes,GN,Yolo County,Yolo County,"38.531226, -121.754504",2020,2,0,0,0,0,0,0,0,0,0,0,0,0.3057,0.1397,0.4894,5.1062,0.0000,3.8150,0.3912,0.1924,0.5181,0.0000,15.4076,2.8436,5.8019,21.3307,0.5550,8.0259,3.8128,2.5702,9.8996,1.0716,N/A
20GN_RMI,Grapes,GN,Yolo County,Yolo County,"38.531226, -121.754504",2020,3,0,0,0,0,0,0,0,0,0,0,0,0.2974,0.1224,0.4842,4.8896,0.0000,3.7328,0.3897,0.2233,0.4643,0.0000,15.5079,2.7723,5.6862,19.9491,0.5165,7.8112,3.6762,2.4965,9.8653,1.0216,N/A
20PS_RMI,Grapes,PS,Yolo County,Yolo County,"38.531226, -121.754504",2020,1,0,0,0,0,0,0,0,0,0,0,0,0.4403,0.1795,0.1130,5.1476,0.0000,2.6511,0.3340,0.1196,0.8320,0.0000,20.0699,2.8659,3.1798,21.5154,0.2916,4.4520,3.7049,1.9432,39.9450,0.8808,N/A
20PS_RMI,Grapes,PS,Yolo County,Yolo County,"38.531226, -121.754504",2020,2,0,0,0,0,0,0,0,0,0,0,0,0.3918,0.1824,0.1070,5.1496,0.0000,2.7174,0.3170,0.1241,0.8324,0.0000,19.9559,2.8500,3.2450,22.2542,0.2960,4.7428,3.7334,1.8557,39.3857,0.7810,N/A
20PS_RMI,Grapes,PS,Yolo County,Yolo County,"38.531226, -121.754504",2020,3,0,0,0,0,0,0,0,0,0,0,0,0.4187,0.1837,0.1208,5.3434,0.0000,2.6898,0.3137,0.1461,0.7797,0.0000,20.5561,2.8194,3.2750,24.0336,0.2857,4.7798,3.7510,1.9426,39.4998,0.7653,N/A
20ZN_RMI,Grapes,ZN,Yolo County,Yolo County,"38.531226, -121.754504",2020,1,0,0,0,0,0,0,0,0,0,0,0,0.4560,0.1318,0.1282,4.8590,0.0000,2.4171,0.3226,0.1003,0.3591,0.0000,14.0811,1.3821,3.8315,23.8502,0.3184,6.4612,5.3623,2.6135,14.7141,0.9480,N/A
20ZN_RMI,Grapes,ZN,Yolo County,Yolo County,"38.531226, -121.754504",2020,2,0,0,0,0,0,0,0,0,0,0,0,0.4301,0.1405,0.1290,4.9314,0.0000,2.2476,0.3078,0.1191,0.3624,0.0000,14.0146,1.3756,3.9258,23.8874,0.3405,6.4276,5.3104,2.5753,14.7690,0.9538,N/A
20ZN_RMI,Grapes,ZN,Yolo County,Yolo County,"38.531226, -121.754504",2020,3,0,0,0,0,0,0,0,0,0,0,0,0.4378,0.1246,0.1148,4.8568,0.0000,2.2948,0.3234,0.1368,0.3602,0.0000,13.6480,1.3517,3.9422,23.4883,0.3762,6.3826,5.4056,2.7818,14.3980,0.9268,N/A
20TO_Tyree,Grapes,TO,Yolo County,Yolo County,"38.527853, -121.792535",2020,1,0,0,0,0,0,0,0,0,0,0,0,0.3348,0.0970,0.4253,6.4901,0.0000,2.6050,0.4181,0.1794,0.2569,0.0000,7.9936,1.7801,4.1874,13.2411,0.8612,9.6298,2.3280,4.3558,1.5780,0.0000,N/A
20TO_Tyree,Grapes,TO,Yolo County,Yolo County,"38.527853, -121.792535",2020,2,0,0,0,0,0,0,0,0,0,0,0,0.3213,0.1002,0.4288,5.4151,0.0000,2.4680,0.4250,0.1836,0.2574,0.0000,8.1216,1.7421,4.0305,13.1988,0.8606,11.4296,2.4854,4.1475,1.5442,0.0000,N/A
20TO_Tyree,Grapes,TO,Yolo County,Yolo County,"38.527853, -121.792535",2020,3,0,0,0,0,0,0,0,0,0,0,0,0.3078,0.0991,0.4326,5.9392,0.0000,2.5952,0.4233,0.1716,0.2731,0.0000,8.1433,1.7034,4.1254,12.2645,0.8629,10.4193,2.0582,4.1025,1.5440,0.0000,N/A
20TE_Tyree,Grapes,TE,Yolo County,Yolo County,"38.527853, -121.792535",2020,1,0,0,0,0,0,0,0,0,0,0,0,0.2938,0.1901,0.1280,4.9202,0.0000,2.5734,0.3428,0.1227,0.3519,0.0000,14.4456,0.9689,3.1980,20.1475,0.4938,4.0751,1.9672,6.9205,9.9216,0.0000,N/A
20TE_Tyree,Grapes,TE,Yolo County,Yolo County,"38.527853, -121.792535",2020,2,0,0,0,0,0,0,0,0,0,0,0,0.3587,0.1779,0.1310,4.8973,0.0000,2.3899,0.3094,0.1083,0.3426,0.0000,14.3574,0.9697,3.1702,20.2201,0.5170,3.9298,1.8952,6.9726,9.5770,0.0000,N/A
20TE_Tyree,Grapes,TE,Yolo County,Yolo County,"38.527853, -121.792535",2020,3,0,0,0,0,0,0,0,0,0,0,0,0.3030,0.2020,0.1232,5.0390,0.0000,2.4532,0.3127,0.1133,0.3584,0.0000,14.5783,0.9633,3.1192,20.3971,0.4856,4.0989,1.8935,6.6186,9.9184,0.0000,N/A
20CS_Langtry,Grapes,CS,Guenoc Valley,Lake County,"38.728, -122.5164",2020,1,0,0,0,0,0,0,0,0,0,0,0,5.6572,0.3433,4.0333,4.6377,0.0445,2.4614,0.8993,0.7651,0.1316,0.13164,49.4654,11.0416,16.0552,58.1092,0.5640,16.3011,16.8902,5.6491,103.1813,17.2423,N/A
20CS_Langtry,Grapes,CS,Guenoc Valley,Lake County,"38.531226, -121.754504",2020,2,0,0,0,0,0,0,0,0,0,0,0,5.5835,0.3450,3.9549,4.5708,0.0502,2.4358,0.8614,0.8042,0.1318,0.1318,48.3220,10.7815,15.4824,55.7888,0.5688,15.7658,16.5742,5.6450,101.4520,17.1551,N/A
20CS_Langtry,Grapes,CS,Guenoc Valley,Lake County,"38.531226, -121.754504",2020,3,0,0,0,0,0,0,0,0,0,0,0,5.5847,0.3501,3.9317,4.6748,0.0446,2.4376,0.8831,0.7879,0.1296,0.12964,48.5021,10.8882,15.8400,52.6972,0.5660,16.2628,16.3675,5.3311,102.5640,16.4642,N/A
20CS_Arkley,Grapes,CS,Kelsey Bench-West,Lake County,"38.95, -122.87",2020,1,0,0,0,0,0,0,0,0,0,0,0,1.2017,0.2112,0.5844,3.2707,0.0422,2.2725,0.4356,0.6178,0.0000,0.0000,12.7362,0.7934,2.1269,13.4143,0.1614,3.6660,2.1887,1.5248,14.9337,0.3754,N/A
20CS_Arkley,Grapes,CS,Kelsey Bench-West,Lake County,"38.95, -122.87",2020,2,0,0,0,0,0,0,0,0,0,0,0,1.2122,0.2166,0.5942,3.5198,0.0416,2.3041,0.4503,0.8385,0.0000,0.0000,12.2154,0.7468,1.9421,11.8064,0.1580,3.2964,1.9349,1.2470,13.0802,0.3656,N/A
20CS_Arkley,Grapes,CS,Kelsey Bench-West,Lake County,"38.95, -122.87",2020,3,0,0,0,0,0,0,0,0,0,0,0,1.2194,0.2112,0.5910,3.1879,0.0438,2.3054,0.4617,0.7173,0.0000,0.0000,11.8911,0.7972,1.9330,11.4841,0.1562,3.2303,1.9511,1.2046,12.9667,0.3690,N/A
20CS_Brandt,Grapes,CS,Kelsey Bench-Middle,Lake County,"38.956, -122.855",2020,1,0,0,0,0,0,0,0,0,0,0,0,1.5704,0.2422,1.1961,5.6396,0.0420,1.8696,0.3430,0.2672,0.2661,0.0000,14.5398,0.6950,3.2463,17.7155,0.1461,4.0793,2.5038,2.5342,10.2323,0.3668,N/A
20CS_Brandt,Grapes,CS,Kelsey Bench-Middle,Lake County,"38.956, -122.855",2020,2,0,0,0,0,0,0,0,0,0,0,0,1.6246,0.2866,1.2498,6.2012,0.0417,1.9077,0.3783,0.2952,0.3297,0.0000,14.8509,0.6531,3.1875,18.2118,0.1509,4.1220,2.5923,2.6296,10.5335,0.3906,N/A
20CS_Brandt,Grapes,CS,Kelsey Bench-Middle,Lake County,"38.956, -122.855",2020,3,0,0,0,0,0,0,0,0,0,0,0,1.5266,0.2126,1.2396,5.6327,0.0402,1.9036,0.3500,0.2949,0.3542,0.0000,13.3708,0.6043,2.9254,16.1514,0.1530,3.6768,2.3298,2.3361,9.3958,0.3729,N/A
20CS_G.Graham (CrimsonHill),Grapes,CS,Red Hill-East,Lake County,"38.912, -122.654",2020,1,0,0,0,0,0,0,0,0,0,0,0,1.4936,0.2081,0.9637,3.1180,0.0376,2.1915,0.4984,0.1356,0.3119,0.0000,13.9965,0.9266,3.2993,17.9043,0.2985,4.2203,3.0027,2.8071,18.4591,0.4194,N/A
20CS_G.Graham (CrimsonHill),Grapes,CS,Red Hill-East,Lake County,"38.912, -122.654",2020,2,0,0,0,0,0,0,0,0,0,0,0,1.4869,0.2477,0.9526,2.6231,0.0429,2.2213,0.4896,0.1281,0.3672,0.0000,14.9092,0.8939,3.3095,17.8458,0.3110,4.2654,2.8486,2.6725,19.0505,0.5045,N/A
20CS_G.Graham (CrimsonHill),Grapes,CS,Red Hill-East,Lake County,"38.912, -122.654",2020,3,0,0,0,0,0,0,0,0,0,0,0,1.4932,0.2224,0.9278,6.5538,0.0353,2.1005,0.4707,0.1276,0.3396,0.0000,14.3016,0.9245,3.3241,18.2788,0.3103,4.3722,2.9056,2.6953,19.4315,0.4450,N/A
20CS_ObsidianRidge,Grapes,CS,Red Hill-South West,Lake County,"38.9047, -122.7719",2020,1,0,0,0,0,0,0,0,0,0,0,0,1.8455,0.2243,1.5674,3.4121,0.0383,2.3159,0.5618,0.1907,0.7269,0.0000,15.2432,0.9654,4.0016,17.5990,0.2531,3.5260,2.8038,3.1240,13.1908,0.2593,N/A
20CS_ObsidianRidge,Grapes,CS,Red Hill-South West,Lake County,"38.9047, -122.7719",2020,2,0,0,0,0,0,0,0,0,0,0,0,1.8851,0.2578,1.6290,3.3599,0.0422,2.3956,0.5780,0.1842,0.8702,0.0000,15.4832,0.9166,3.9696,18.4008,0.2701,3.4858,2.6679,3.0962,13.1357,0.2678,N/A
20CS_ObsidianRidge,Grapes,CS,Red Hill-South West,Lake County,"38.9047, -122.7719",2020,3,0,0,0,0,0,0,0,0,0,0,0,1.8546,0.2352,1.5961,3.4531,0.0383,2.3920,0.5731,0.1752,0.8072,0.0000,15.1040,0.8721,3.9636,17.7813,0.2458,3.3655,2.7292,2.9194,12.5308,0.2488,N/A
20CS_RedHills,Grapes,CS,Red Hill-Middle,Lake County,"38.9187, -122.7334",2020,1,0,0,0,0,0,0,0,0,0,0,0,1.8366,0.2238,1.5848,2.9758,0.0328,2.1945,0.5008,0.1684,0.6211,0.0000,17.1180,1.2382,4.6402,20.2907,0.4125,4.8904,3.6235,3.4728,18.6022,0.4712,N/A
20CS_RedHills,Grapes,CS,Red Hill-Middle,Lake County,"38.9187, -122.7334",2020,2,0,0,0,0,0,0,0,0,0,0,0,1.8474,0.2335,1.5830,3.1058,0.0356,2.2982,0.4850,0.1719,0.7606,0.0000,17.0850,1.2761,4.7163,20.9108,0.4810,4.9240,3.6756,3.7956,17.6889,0.4646,N/A
20CS_RedHills,Grapes,CS,Red Hill-Middle,Lake County,"38.9187, -122.7334",2020,3,0,0,0,0,0,0,0,0,0,0,0,1.8294,0.2242,1.5691,2.9830,0.0376,2.2922,0.5012,0.1653,0.7599,0.0000,17.5198,1.3202,4.6570,22.4149,0.4057,4.9071,3.5260,3.5131,18.5498,0.4641,N/A
20CS_Rutherford,Grapes,CS,Rutherford,Lake County,"38.463585853027055, -122.39308677114141",2020,1,0,0,0,0,0,0,0,0,0,0,0,1.1996,0.2214,0.6635,3.1138,0.0396,2.2531,0.4277,0.0898,0.7217,0.0000,12.8638,0.8055,2.0084,11.2517,0.2840,2.5046,1.2322,2.3928,16.2990,0.3301,N/A
20CS_Rutherford,Grapes,CS,Rutherford,Lake County,"38.463585853027055, -122.39308677114141",2020,2,0,0,0,0,0,0,0,0,0,0,0,1.1718,0.2056,0.6495,2.9492,0.0330,2.2202,0.4425,0.0858,0.8384,0.0000,12.6108,0.7594,1.9532,11.1914,0.2422,2.5189,1.1934,2.1709,15.3784,0.3317,N/A
20CS_Rutherford,Grapes,CS,Rutherford,Lake County,"38.463585853027055, -122.39308677114141",2020,3,0,0,0,0,0,0,0,0,0,0,0,1.2037,0.2577,0.6618,3.8530,0.0419,2.2794,0.4288,0.0915,0.9394,0.0000,12.8699,0.7520,1.9922,11.1840,0.2400,2.5156,1.2528,2.4428,16.1484,0.3312,N/A
20CS_Ceago,Grapes,CS,Clear Lake-North,Lake County,"39.1094, -122.8137",2020,1,0,0,0,0,0,0,0,0,0,0,0,1.0998,0.1544,1.2477,5.3754,0.0000,2.4609,0.4816,0.1749,0.3963,0.0000,14.4821,1.7800,5.1248,44.2300,0.4729,7.9854,5.0316,3.3811,16.4474,0.0000,
20CS_Ceago,Grapes,CS,Clear Lake-North,Lake County,"39.1094, -122.8137",2020,2,0,0,0,0,0,0,0,0,0,0,0,1.0752,0.1523,1.2923,5.3377,0.0000,2.4600,0.4815,0.1823,0.4119,0.0000,13.9590,1.8272,5.1961,24.7312,0.4778,8.1880,5.0192,3.4193,17.0741,0.0000,
20CS_Ceago,Grapes,CS,Clear Lake-North,Lake County,"39.1094, -122.8137",2020,3,0,0,0,0,0,0,0,0,0,0,0,1.0882,0.1566,1.2475,5.3395,0.0000,2.4351,0.4867,0.1720,0.4106,0.0000,14.2022,1.8647,5.1324,24.8465,0.4720,8.0696,5.1127,3.4878,15.7630,0.0000,
20CS_ShannonRidge,Grapes,CS,High Valley,Lake County,"39.0306, -122.6380",2020,1,0,0,0,0,0,0,0,0,0,0,0,1.5205,0.2358,1.3665,3.0837,0.0363,2.3668,0.5000,0.1214,0.6823,0.0000,14.5061,0.8972,3.9661,18.7037,0.2987,4.6698,2.8858,3.1980,13.6748,0.3860,N/A
20CS_ShannonRidge,Grapes,CS,High Valley,Lake County,"39.0306, -122.6380",2020,2,0,0,0,0,0,0,0,0,0,0,0,1.4994,0.2049,1.3658,2.7858,0.0347,2.3405,0.4895,0.1233,0.8532,0.0000,15.1087,0.9228,3.9098,19.7934,0.2850,4.3925,2.7471,3.1300,13.0564,0.3691,N/A
20CS_ShannonRidge,Grapes,CS,High Valley,Lake County,"39.0306, -122.6380",2020,3,0,0,0,0,0,0,0,0,0,0,0,1.5007,0.2278,1.3273,3.0822,0.0312,2.2899,0.4740,0.1238,0.8148,0.0000,15.3801,0.8784,3.8500,18.5688,0.3170,4.3944,2.6889,2.9249,13.3457,0.3766,N/A
20CS_CrossSprings (LongValley),Grapes,CS,High Valley-East,Lake County,"39.0455, -122.5869",2020,1,0,0,0,0,0,0,0,0,0,0,0,1.0486,0.1853,0.6498,3.4515,0.0311,2.1970,0.4499,0.1115,0.5308,0.0000,20.3367,1.3364,3.7916,25.8601,0.3884,6.8996,3.5506,4.2145,16.2057,0.5893,
20CS_CrossSprings (LongValley),Grapes,CS,High Valley-East,Lake County,"39.0455, -122.5869",2020,2,0,0,0,0,0,0,0,0,0,0,0,1.0580,0.1702,0.6385,3.0551,0.0290,2.1806,0.4412,0.1083,0.7021,0.0000,21.0023,1.3473,3.8636,27.6539,0.3960,6.8763,3.6670,4.4456,15.6029,0.5708,
20CS_CrossSprings (LongValley),Grapes,CS,High Valley-East,Lake County,"39.0455, -122.5869",2020,3,0,0,0,0,0,0,0,0,0,0,0,1.0991,0.1881,0.6366,2.9830,0.0295,2.2580,0.4463,0.1106,0.5921,0.0000,20.7362,1.3089,3.8293,26.0494,0.3970,6.6514,3.5767,4.2593,15.0918,0.5820,
20CS_SixSigma,Grapes,CS,North Coast-Middle East,Lake County,"38.58'1"", -122.32'5""",2020,1,0,0,0,0,0,0,0,0,0,0,0,1.8119,0.1554,1.9596,5.1679,0.0000,2.3706,0.4999,0.2004,0.5266,0.0000,19.1860,3.1808,7.4416,30.4024,0.4621,10.8840,7.1437,4.1839,27.4789,0.0000,
20CS_SixSigma,Grapes,CS,North Coast-Middle East,Lake County,"38.58'1"", -122.32'5""",2020,2,0,0,0,0,0,0,0,0,0,0,0,1.8040,0.1458,1.9557,5.0699,0.0000,2.3905,0.4855,0.1883,0.5325,0.0000,19.5522,3.2902,7.6441,30.9280,0.5089,10.8468,7.2116,4.6948,26.9460,0.0000,
20CS_SixSigma,Grapes,CS,North Coast-Middle East,Lake County,"38.58'1"", -122.32'5""",2020,3,0,0,0,0,0,0,0,0,0,0,0,1.8198,0.1521,1.9094,5.3798,0.0000,2.4426,0.3658,0.1849,0.5242,0.0000,20.2572,3.1873,7.5257,31.5436,0.4604,10.7586,7.7491,4.2051,27.8744,0.0000,
20CS_Vingolo,Grapes,CS,Big Valley-East,Lake County,"38.9940, -122.8253",2020,1,0,0,0,0,0,0,0,0,0,0,0,1.2839,0.1986,0.6615,3.1175,0.0340,2.2893,0.4494,0.1313,0.4892,0.0000,14.5012,1.0036,2.8397,21.4542,0.4248,5.3648,2.1189,4.7695,8.3311,0.3588,N/A
20CS_Vingolo,Grapes,CS,Big Valley-East,Lake County,"38.9940, -122.8253",2020,2,0,0,0,0,0,0,0,0,0,0,0,1.2453,0.2133,0.6778,3.5508,0.0331,2.3472,0.4507,0.1246,0.6414,0.0000,15.1380,0.9748,2.8047,20.9345,0.4261,5.5404,2.1202,4.7005,8.5006,0.3214,N/A
20CS_Vingolo,Grapes,CS,Big Valley-East,Lake County,"38.9940, -122.8253",2020,3,0,0,0,0,0,0,0,0,0,0,0,1.2662,0.2046,0.6720,3.3028,0.0322,2.2632,0.4326,0.1199,0.5398,0.0000,14.9837,0.9493,2.8177,23.5430,0.4222,5.5248,2.1892,4.7182,8.3112,0.3162,N/A
20CS_RobinHill,Grapes,CS,Clear Lake-West,Lake County,"39.1172, -122.8905",2020,1,0,0,0,0,0,0,0,0,0,0,0,1.1982,0.1545,0.8008,3.9148,0.0211,2.1753,0.5460,0.1694,0.5324,0.0000,16.6903,1.1291,3.8375,22.6234,0.3310,6.2838,3.4025,4.3097,11.3592,0.3701,
20CS_RobinHill,Grapes,CS,Clear Lake-West,Lake County,"39.1172, -122.8905",2020,2,0,0,0,0,0,0,0,0,0,0,0,1.2402,0.1809,0.7968,3.7154,0.0000,2.3937,0.5201,0.1597,0.4428,0.0000,17.0502,1.0922,3.8241,24.4629,0.3405,6.3320,3.3779,4.3567,11.4385,0.3316,
20CS_RobinHill,Grapes,CS,Clear Lake-West,Lake County,"39.1172, -122.8905",2020,3,0,0,0,0,0,0,0,0,0,0,0,1.1717,0.1356,0.7877,4.7691,0.0000,1.9238,0.5922,0.1696,0.5922,0.0000,16.8641,1.0628,3.8333,23.6506,0.3222,6.4654,3.3370,3.9938,11.7345,0.3389,
20CS_BellHill,Grapes,CS,Big Valley-West,Lake County,"38.956850, -122.893044 ",2020,1,0,0,0,0,0,0,0,0,0,0,0,1.2198,0.1880,1.2364,5.0705,0.0466,2.3987,0.5896,0.1573,0.3988,0.0000,16.7793,1.3971,3.7414,18.8597,0.3979,5.3728,3.1657,2.9800,10.7304,0.0000,
20CS_BellHill,Grapes,CS,Big Valley-West,Lake County,"38.956850, -122.893044 ",2020,2,0,0,0,0,0,0,0,0,0,0,0,1.2187,0.1784,1.2223,4.9534,0.0000,2.3083,0.5692,0.1582,0.3173,0.0000,16.9914,1.3505,3.7300,17.8532,0.3996,5.1869,3.1352,2.8890,10.7372,0.0000,
20CS_BellHill,Grapes,CS,Big Valley-West,Lake County,"38.956850, -122.893044 ",2020,3,0,0,0,0,0,0,0,0,0,0,0,1.2224,0.1840,1.2586,5.0366,0.0000,2.2615,0.5750,0.1632,0.2987,0.0000,17.8674,1.4366,3.7679,19.0066,0.4225,5.2524,3.1847,3.0635,10.4659,0.0000,
20PN_BLF_RRV3,Grapes,PN,Russian River Valley,Sonoma,"38 20'38.494""N, 122 49'21.421""W",2020,1,0,0,0,0,0,0,0,0,0,0,0,7.1163,0.4284,3.0522,2.9783,0.0421,1.9079,0.7265,0.2420,0.5006,0.0000,32.4045,3.6088,6.0557,16.5085,0.5054,3.9111,2.4147,2.5646,13.2692,0.4836,N/A
20PN_BLF_RRV3,Grapes,PN,Russian River Valley,Sonoma,"38 20'38.494""N, 122 49'21.421""W",2020,2,0,0,0,0,0,0,0,0,0,0,0,7.1660,0.4314,3.0888,3.1459,0.0400,1.9400,0.7130,0.2444,0.4710,0.0000,32.1090,3.6048,5.9274,17.1470,0.4508,3.9479,2.3954,2.6195,13.9050,0.4735,N/A
20PN_BLF_RRV3,Grapes,PN,Russian River Valley,Sonoma,"38 20'38.494""N, 122 49'21.421""W",2020,3,0,0,0,0,0,0,0,0,0,0,0,7.0213,0.4656,3.0426,3.2145,0.0394,1.9057,0.7234,0.2514,0.5302,0.0000,31.3760,3.5721,5.9634,16.6496,0.4594,3.9625,2.4105,2.6389,13.8882,0.4740,N/A
20PN_FAL_AV2,Grapes,PN,North Coast,Mendocino,"39 08'09.560""N, 123 32'36.569""W",2020,1,0,0,0,0,0,0,0,0,0,0,0,1.3302,0.3666,1.6550,5.7562,0.0425,1.5983,0.2838,0.3151,0.4266,0.0000,25.1803,1.2318,3.3427,8.8492,0.4182,2.0496,1.0029,2.7378,11.6904,0.4570,N/A
20PN_FAL_AV2,Grapes,PN,North Coast,Mendocino,"39 08'09.560""N, 123 32'36.569""W",2020,2,0,0,0,0,0,0,0,0,0,0,0,1.3501,0.3575,1.6529,5.3660,0.0470,1.6717,0.3024,0.3300,0.4603,0.0000,24.8117,1.2248,3.3532,8.7726,0.4274,2.0754,0.9750,2.7292,11.9700,0.3794,N/A
20PN_FAL_AV2,Grapes,PN,North Coast,Mendocino,"39 08'09.560""N, 123 32'36.569""W",2020,3,0,0,0,0,0,0,0,0,0,0,0,1.3596,0.3707,1.6141,5.5005,0.0456,1.6746,0.3082,0.3214,0.4854,0.0000,25.8287,1.2909,3.4683,9.1362,0.3875,2.1478,0.9628,2.7512,11.8396,0.3860,N/A
20PN_GME_OR1,Grapes,PN,Yamhill-Carlton,"Yamhill, OR","45 17'38.628""N, 123 15'19.131""W",2020,1,0,0,0,0,0,0,0,0,0,0,0,3.6826,0.2238,4.2714,3.4105,0.0000,1.9886,0.7045,0.3258,0.3588,0.0000,19.8774,1.9816,8.1156,15.2666,0.2991,3.2594,2.5164,2.5836,12.4542,0.3424,N/A
20PN_GME_OR1,Grapes,PN,Yamhill-Carlton,"Yamhill, OR","45 17'38.628""N, 123 15'19.131""W",2020,2,0,0,0,0,0,0,0,0,0,0,0,3.7080,0.2264,4.2936,3.5829,0.0000,2.0131,0.7019,0.3281,0.4156,0.0000,20.3854,1.9863,8.1993,15.5836,0.3153,3.3990,2.5779,2.6009,12.6397,0.3569,N/A
20PN_GME_OR1,Grapes,PN,Yamhill-Carlton,"Yamhill, OR","45 17'38.628""N, 123 15'19.131""W",2020,3,0,0,0,0,0,0,0,0,0,0,0,3.8586,0.2883,4.2014,5.1818,0.0257,1.8472,0.5584,0.3830,0.5028,0.0000,20.0778,1.9832,8.0480,15.9061,0.2956,3.2482,2.6475,2.5982,12.4502,0.3325,N/A
20PN_P5N_AS1,Grapes,PN,Central Coast,Monterey ,"36 21'15.495""N,    121 20'06.742""W",2020,1,0,0,0,0,0,0,0,0,0,0,0,2.0932,0.3195,4.1336,5.3854,0.0393,1.6946,0.4334,0.5122,0.2226,0.0000,20.1957,1.2543,6.6368,12.7992,0.2599,1.9995,1.5312,2.1093,11.6724,0.4816,N/A
20PN_P5N_AS1,Grapes,PN,Central Coast,Monterey ,"36 21'15.495""N,    121 20'06.742""W",2020,2,0,0,0,0,0,0,0,0,0,0,0,2.0580,0.3175,4.1072,5.1458,0.0415,1.7959,0.4024,0.4624,0.2325,0.0000,20.0410,1.2680,6.5213,12.5561,0.2421,2.0596,1.5181,2.1538,11.6205,0.4833,N/A
20PN_P5N_AS1,Grapes,PN,Central Coast,Monterey ,"36 21'15.495""N,    121 20'06.742""W",2020,3,0,0,0,0,0,0,0,0,0,0,0,2.0638,0.3239,4.0960,5.2484,0.0416,1.7818,0.4306,0.4583,0.2669,0.0000,20.8651,1.2613,6.5284,12.6245,0.2180,1.9078,1.5292,2.2453,11.8380,0.4822,N/A
20PN_RAD_SRH1,Grapes,PN,Sta. Rita Hills,Santa Barbara,"34 36'31.774""N, 120 23'17.316""W",2020,1,0,0,0,0,0,0,0,0,0,0,0,1.5025,0.3880,2.3453,5.5192,0.0432,1.7532,0.4196,0.2904,0.4290,0.0000,21.5670,0.8885,4.4081,13.0214,0.3893,1.5743,1.3205,2.4936,7.9150,0.4010,N/A
20PN_RAD_SRH1,Grapes,PN,Sta. Rita Hills,Santa Barbara,"35 36'31.774""N, 120 23'17.316""W",2020,2,0,0,0,0,0,0,0,0,0,0,0,1.4896,0.3922,2.3695,6.1346,0.0412,1.7342,0.4128,0.2742,0.4860,0.0000,22.1616,0.9006,4.4046,13.3104,0.3968,1.6612,1.3219,2.4423,7.8776,0.3753,N/A
20PN_RAD_SRH1,Grapes,PN,Sta. Rita Hills,Santa Barbara,"36 36'31.774""N, 120 23'17.316""W",2020,3,0,0,0,0,0,0,0,0,0,0,0,1.5174,0.4096,2.3499,7.4004,0.0460,1.7768,0.4177,0.2840,0.5222,0.0000,21.7644,0.8702,4.3625,13.2476,0.3778,1.5286,1.3117,2.4994,7.6769,0.3707,N/A
20PN_ZNW_OR2,Grapes,PN,Eola-Amity Hills,Polk,"45 01'43.264""N, 123 09'04.430""W",2020,1,0,0,0,0,0,0,0,0,0,0,0,6.2575,0.5660,5.4398,6.2005,0.0478,1.9400,0.7412,0.5554,0.4718,0.0000,28.6837,4.5891,11.0841,22.6605,0.3876,4.6846,4.1813,3.9954,11.3816,0.2707,N/A
20PN_ZNW_OR2,Grapes,PN,Eola-Amity Hills,Polk,"45 01'43.264""N, 123 09'04.430""W",2020,2,0,0,0,0,0,0,0,0,0,0,0,6.2203,0.5112,5.5304,6.5637,0.0472,1.9181,0.7641,0.5294,0.5543,0.0000,29.8793,4.6094,11.2986,24.0363,0.4067,4.7099,4.3094,3.9813,11.5576,0.3077,N/A
20PN_ZNW_OR2,Grapes,PN,Eola-Amity Hills,Polk,"45 01'43.264""N, 123 09'04.430""W",2020,3,0,0,0,0,0,0,0,0,0,0,0,6.2384,0.4961,5.4994,6.8087,0.0440,2.0253,0.7276,0.5957,0.5416,0.0000,30.1368,4.6058,11.3193,23.6091,0.4164,4.7466,4.3038,3.8939,11.6720,0.3478,N/A
20CF_AT,Wine_TJ,CF,Napa Valley,Napa,"38°28'11""N  122°22'02"" W",2020,2,0,0,0,0,0,0,0,0,0,0,0,7.4858,1.8332,3.5638,9.4555,0.0902,4.4377,3.9755,0.8857,36.9312,0.4191,27.1459,8.9413,9.6844,33.1166,1.5518,11.6740,12.1142,27.7938,121.7943,25.4449,30.95
20CF_AT,Wine_TJ,CF,Napa Valley,Napa,"38°28'11""N  122°22'02"" W",2020,3,0,0,0,0,0,0,0,0,0,0,0,7.4026,1.8516,3.5482,9.4657,0.1134,4.6250,3.9269,0.9527,35.8279,0.4147,27.9277,10.1720,10.8139,39.9935,1.8528,13.1198,13.1702,37.7188,134.9064,25.3421,30.95
20CS_AT,Wine_TJ,CS,Napa Valley,Napa,"38°28'10""N 122°21'01"" W",2020,1,0,0,0,0,0,0,0,0,0,0,0,7.3062,0.9908,4.8628,15.5821,0.1783,3.0351,4.4295,0.6917,28.8461,0.8868,16.1551,3.0091,7.6303,25.2405,0.5984,7.2590,8.9433,5.3454,67.5761,15.2197,26.67
20CS_AT,Wine_TJ,CS,Napa Valley,Napa,"38°28'10""N 122°21'01"" W",2020,3,0,0,0,0,0,0,0,0,0,0,0,8.1066,1.1369,5.3223,16.8868,0.1743,3.4944,4.9355,0.7551,29.9682,0.7082,16.2310,2.8074,7.1973,23.1858,0.5006,7.0317,8.6210,4.4029,72.7997,17.4873,26.67
20PV_AT,Wine_TJ,PV,Napa Valley,Napa,"38°28'09"" N  122°21'00"" W",2020,2,0,0,0,0,0,0,0,0,0,0,0,25.6885,4.0616,5.6331,12.4401,0.2339,3.1441,5.1864,0.6530,105.0556,0.7339,52.1971,10.6246,8.3731,19.5203,0.6846,6.6275,10.2001,5.2119,199.7615,15.0305,40.95
20PV_AT,Wine_TJ,PV,Napa Valley,Napa,"38°28'09"" N  122°21'00"" W",2020,3,0,0,0,0,0,0,0,0,0,0,0,25.6419,4.0875,5.4948,12.4958,0.2400,3.3532,5.1613,0.6823,111.4627,0.6856,50.8190,10.1469,7.9167,19.1869,0.6764,6.0571,9.7358,5.2626,200.2881,15.1628,40.95
20CF_ATVF,Wine_TJ,CF,St. Helena,Napa,"38°31'26""N  122°29'53"" W",2020,2,0,0,0,0,0,0,0,0,0,0,0,14.2797,5.2104,6.9399,27.2855,1.0576,10.8346,12.0331,2.2623,58.1467,3.7881,55.6975,24.1252,16.3867,46.7888,2.6284,19.7084,27.3952,11.3341,184.6840,77.3621,59.02
20CF_ATVF,Wine_TJ,CF,St. Helena,Napa,"38°31'26""N  122°29'53"" W",2020,3,0,0,0,0,0,0,0,0,0,0,0,14.6264,5.3997,7.1155,28.5539,1.0823,10.8426,12.6723,2.3124,45.6868,3.9109,52.8962,21.4008,14.3367,42.5880,2.4892,17.7716,25.4189,8.7776,193.7897,78.2848,59.02
20CS_ATVF_B1,Wine_Pilot,CS,St. Helena,Napa,"38°31'21""N 122°29'58"" W",2020,2,0,0,0,0,0,0,0,0,0,0,0,7.4107,1.9733,5.0801,23.2362,0.6077,4.0014,5.3318,1.0949,43.1318,3.9390,24.6734,6.9944,11.1928,43.1694,1.3992,9.1193,14.4221,12.2041,105.4787,25.9282,48.71
20CS_ATVF_B1,Wine_Pilot,CS,St. Helena,Napa,"38°31'21""N 122°29'58"" W",2020,3,0,0,0,0,0,0,0,0,0,0,0,7.4263,1.9553,5.0799,23.3840,0.6120,4.0574,5.3675,1.1060,40.9725,3.9251,23.5464,6.4362,10.4026,39.5147,1.2871,8.5955,13.2464,10.1199,114.3328,25.5747,48.71
20CS_ATVF_B2,Wine_Pilot,CS,St. Helena,Napa,"38°31'21""N 122°29'58"" W",2020,1,0,0,0,0,0,0,0,0,0,0,0,9.3712,2.4633,5.7513,16.0404,0.7604,3.1890,6.4117,1.1076,45.8272,6.1766,42.0104,15.3551,19.9994,56.1805,2.2005,12.6324,28.2606,20.1475,152.1815,57.4947,48.60
20CS_ATVF_B2,Wine_Pilot,CS,St. Helena,Napa,"38°31'21""N 122°29'58"" W",2020,2,0,0,0,0,0,0,0,0,0,0,0,9.3281,2.4352,5.7570,15.9483,0.7655,3.1924,6.2974,1.1194,44.7976,6.2212,39.9358,13.3282,17.2661,47.2621,1.9808,11.1753,25.0447,14.8592,165.6571,56.7295,48.60
20PV_ATVF,Wine_TJ,PV,St. Helena,Napa,"38°31'26""N  122°29'51"" W",2020,2,0,0,0,0,0,0,0,0,0,0,0,47.3724,14.0286,9.2050,21.6355,1.7064,4.7339,11.2908,1.6755,92.0839,3.0065,118.5986,45.9325,15.4601,35.2970,3.7913,10.4808,22.4330,9.0048,171.4112,75.9113,54.55
20PV_ATVF,Wine_TJ,PV,St. Helena,Napa,"38°31'26""N  122°29'51"" W",2020,3,0,0,0,0,0,0,0,0,0,0,0,47.9295,14.2941,9.3290,21.7452,1.7429,4.7130,11.2529,1.7309,80.2663,2.9631,113.5990,41.6785,14.0786,31.8159,3.6464,9.3134,20.6525,6.9210,231.9329,74.6962,54.55
20CS_PMV,Wine_Pilot,CS,Spring Mountain District,Napa,"38°32'06.5""N 122°33'46.5""W",2020,1,0,0,0,0,0,0,0,0,0,0,0,9.9752,1.8652,6.6317,18.7653,0.3144,2.8980,5.9222,0.6801,12.4519,1.4505,34.5140,8.8107,10.1071,30.1638,1.0421,9.3064,12.7462,4.4833,110.1963,72.9384,38.51
20CS_PMV,Wine_Pilot,CS,Spring Mountain District,Napa,"38°32'06.5""N 122°33'46.5""W",2020,2,0,0,0,0,0,0,0,0,0,0,0,9.5138,1.8104,6.2240,18.2349,0.2974,2.7955,5.6617,0.6801,12.3395,1.3462,28.9922,7.1273,8.4900,25.8490,0.8551,7.4449,10.3689,3.1160,109.1272,72.5280,38.51
20ME_PMV,Wine_Pilot,ME,Spring Mountain District,Napa,"38°32'06.5""N 122°33'46.5""W",2020,1,0,0,0,0,0,0,0,0,0,0,0,10.0196,2.8841,4.0864,10.8884,0.2573,2.5821,4.9306,0.5603,7.2758,0.6913,95.1612,37.2885,13.2885,38.8138,2.0883,17.5099,22.3223,5.2360,182.0052,135.8567,29.48
20ME_PMV,Wine_Pilot,ME,Spring Mountain District,Napa,"38°32'06.5""N 122°33'46.5""W",2020,2,0,0,0,0,0,0,0,0,0,0,0,10.3198,2.8873,4.1217,11.2311,0.2769,2.6380,4.9628,0.5818,7.8540,0.6899,104.1780,42.7318,15.8455,45.9795,2.2323,20.7776,25.7726,7.2005,182.8233,135.9994,29.48
20CS_AV,Wine_Pilot,CS,Russian River Valley,Sonama,"38°36'02.5""N 122°46'21.3""W",2020,1,0,0,0,0,0,0,0,0,0,0,0,1.8861,0.3325,1.5417,3.9949,0.0841,1.0063,1.1838,0.1077,14.3548,0.2801,9.5832,2.2952,4.4784,16.9317,0.8212,5.5650,4.6851,8.8491,43.2350,3.5640,18.29
20CS_AV,Wine_Pilot,CS,Russian River Valley,Sonoma,"38°36'02.5""N 122°46'21.3""W",2020,2,0,0,0,0,0,0,0,0,0,0,0,1.9502,0.3374,1.5822,4.0126,0.0822,1.0243,1.1850,0.1172,17.3485,0.2606,8.8721,2.2315,4.1227,14.7860,0.7581,5.4945,4.5013,8.2774,46.8314,3.3081,18.29
20CS_OAK,Wine_Bucket,CS,Oakville,Napa,"38°25'15.8""N 122°23'57.6""W",2020,1,0,0,0,0,0,0,0,0,0,0,0,2.2967,0.3200,1.2630,2.9928,0.1055,0.8704,0.9034,0.1008,19.9035,0.2370,3.6980,0.6617,1.5933,3.1173,0.2480,1.4784,1.5158,1.3671,39.7494,1.0883,22.67
20CS_OAK,Wine_Bucket,CS,Oakville,Napa,"38°25'15.8""N 122°23'57.6""W",2020,2,0,0,0,0,0,0,0,0,0,0,0,2.4159,0.3402,1.3405,3.2838,0.1489,1.0978,0.9671,0.1537,17.1563,0.1620,4.9236,0.9166,1.8880,4.3954,0.3521,2.1337,1.8149,1.4830,39.5433,1.2440,22.67
20ME_OAK,Wine_Bucket,ME,Oakville,Napa,"38°25'15.8""N 122°23'57.6""W",2020,1,0,0,0,0,0,0,0,0,0,0,0,1.4407,0.1296,0.5155,1.8154,0.0795,0.5638,0.6570,0.1118,27.0935,0.1337,6.3833,1.4496,1.6928,4.3942,0.3185,2.9809,2.1015,1.8283,13.8060,1.5584,14.48
20ME_OAK,Wine_Bucket,ME,Oakville,Napa,"38°25'15.8""N 122°23'57.6""W",2020,3,0,0,0,0,0,0,0,0,0,0,0,1.6793,0.1430,0.5378,2.0195,0.1004,0.4470,0.7046,0.1144,29.1977,0.1243,6.7368,1.3841,3.2587,8.7530,0.3290,6.3756,3.5861,3.3522,80.1727,2.0650,14.48
20CF_OAK,Wine_Bucket,CF,Oakville,Napa,"38°25'15.8""N 122°23'57.6""W",2020,1,0,0,0,0,0,0,0,0,0,0,0,2.3890,0.3221,1.3354,3.0774,0.1020,0.8658,0.9671,0.1040,18.5299,0.0000,4.0087,0.7442,1.6924,3.2104,0.2595,1.5426,1.6140,1.4040,74.8727,1.1673,23.26
20CF_OAK,Wine_Bucket,CF,Oakville,Napa,"38°25'15.8""N 122°23'57.6""W",2020,3,0,0,0,0,0,0,0,0,0,0,0,2.4159,0.3402,1.3405,3.2838,0.1489,1.0978,0.9671,0.1537,17.1563,0.1620,4.7306,0.8960,1.8692,4.3247,0.3370,2.1253,1.7660,1.5919,63.7703,1.4259,23.26
20CS_HB,Wine_Pilot,CS,Dry Creek Valley,Sonoma,"38°37'11.4""N 122°56'07.3""W",2020,1,0,0,0,0,0,0,0,0,0,0,0,33.2929,5.6904,21.1869,72.6254,0.4325,16.7843,22.4031,2.9235,18.8264,1.7936,83.2944,18.7312,32.0606,108.2651,1.2583,31.9635,45.5989,12.7415,417.7190,211.9251,68.82
20CS_HB,Wine_Pilot,CS,Dry Creek Valley,Sonoma,"38°37'11.4""N 122°56'07.3""W",2020,2,0,0,0,0,0,0,0,0,0,0,0,33.0646,5.4642,20.8251,72.1673,0.4426,16.5555,22.0678,2.8918,18.8002,1.7907,84.4774,19.5159,33.1594,111.8525,1.2905,33.0165,47.1167,13.6306,416.9354,211.0689,68.82
20MA_HB,Wine_TJ,MA,Dry Creek Valley,Sonoma,"38°37'11.4""N 122°56'07.3""W",2020,1,0,0,0,0,0,0,0,0,0,0,0,19.0050,5.6032,8.8256,24.5333,0.4280,6.6667,9.0708,1.5811,20.7998,0.9755,88.5854,37.6951,20.9544,62.7323,2.1525,25.3751,28.7339,12.3878,153.0922,55.2323,46.90
20MA_HB,Wine_TJ,MA,Dry Creek Valley,Sonoma,"38°37'11.4""N 122°56'07.3""W",2020,2,0,0,0,0,0,0,0,0,0,0,0,20.4490,5.8814,9.4231,25.8022,0.4500,6.6490,9.4979,1.5747,22.0643,0.8908,88.1375,38.1479,21.5661,64.1729,2.1586,25.6452,29.5954,12.5882,151.7669,53.9629,46.90
20SY_HB,Wine_TJ,SY,Dry Creek Valley,Sonoma,"38°37'11.4""N 122°56'07.3""W",2020,1,0,0,0,0,0,0,0,0,0,0,0,35.8807,4.7283,9.0142,34.4825,0.2067,6.1956,9.8181,1.2981,29.8136,0.9181,164.6223,32.3282,20.1947,60.2201,1.0130,23.3089,26.5034,10.2039,148.4430,60.6220,54.55
20SY_HB,Wine_TJ,SY,Dry Creek Valley,Sonoma,"38°37'11.4""N 122°56'07.3""W",2020,2,0,0,0,0,0,0,0,0,0,0,0,34.0728,4.5981,8.4705,32.7450,0.2090,5.8205,9.3565,1.2863,28.8860,0.8818,178.4637,37.0714,22.6175,64.9606,1.0768,27.2423,29.9257,12.3603,148.1336,60.3715,54.55
20SB_HB_NCARB_CNTRL,Wine_Bucket,SB,Dry Greek Valley,Sonoma,"38°37'11.4""N 122°56'07.3""W",2020,1,0,0,0,0,1,0,0,0,0,0,1,4.1387,0.4942,1.4855,7.2316,0.0908,1.0940,0.9702,0.2423,1.4137,0.5027,24.4108,6.5711,4.3846,15.9321,1.8399,6.4427,5.5846,7.2487,54.5078,39.4655,43.75
20SB_HB_NCARB_CNTRL,Wine_Bucket,SB,Dry Greek Valley,Sonoma,"38°37'11.4""N 122°56'07.3""W",2020,2,0,0,0,0,1,0,0,0,0,0,1,4.8372,0.5886,1.7664,8.0028,0.0772,1.3148,1.1359,0.2272,1.4365,0.3949,31.9153,9.2096,6.2747,20.9582,2.8726,9.1355,8.1307,10.3216,58.5480,44.5421,43.75
20SB_HB_CARB,Wine_TJ,SB,Dry Greek Valley,Sonoma,"38°37'11.4""N 122°56'07.3""W",2020,1,0,0,0,0,0,1,0,0,0,0,0,2.5867,0.1199,0.4363,4.8046,0.0183,0.4422,0.3871,0.1028,0.7475,0.1666,14.5127,2.3786,2.2685,13.4992,0.8322,3.8221,3.2894,6.6673,22.6949,12.4292,6.25
20SB_HB_CARB,Wine_TJ,SB,Dry Greek Valley,Sonoma,"38°37'11.4""N 122°56'07.3""W",2020,3,0,0,0,0,0,1,0,0,0,0,0,2.5569,0.1127,0.4309,4.8110,0.0183,0.4360,0.3902,0.1004,0.7473,0.1668,15.5889,2.8131,2.5852,13.9800,0.8782,4.4017,3.6984,7.0553,24.6378,13.9007,6.25
20SB_HB_NCARB_CARB,Wine_Bucket,SB,Dry Greek Valley,Sonoma,"38°37'11.4""N 122°56'07.3""W",2020,1,0,0,0,0,0,0,1,0,0,0,0,2.0970,0.1923,0.6058,4.5431,0.0287,0.6326,0.5275,0.0913,0.8612,0.2656,19.8099,5.4568,3.0592,12.2954,1.0980,5.3279,4.4626,4.9600,47.6608,33.9368,18.75
20SB_HB_NCARB_CARB,Wine_Bucket,SB,Dry Greek Valley,Sonoma,"38°37'11.4""N 122°56'07.3""W",2020,2,0,0,0,0,0,0,1,0,0,0,0,1.7488,0.1620,0.4881,4.1064,0.0243,0.5560,0.4689,0.0412,0.8360,0.2668,20.7985,6.0640,3.3182,12.9304,0.9929,5.8987,5.0059,4.1618,47.1791,34.1821,18.75
20BA_RMI,Wine_TJ,BA,Yolo County,Yolo County,"38.531226, -121.754504",2020,1,0,0,0,0,0,0,0,0,0,0,0,0.5513,0.3288,0.6438,2.2950,0.1102,0.7254,0.6165,0.3120,5.9437,0.0573,5.5416,1.6645,3.0715,18.6836,2.4705,5.7342,3.5811,27.8494,15.3079,2.6594,25.00
20BA_RMI,Wine_TJ,BA,Yolo County,Yolo County,"38.531226, -121.754504",2020,2,0,0,0,0,0,0,0,0,0,0,0,0.5456,0.3192,0.6574,2.2383,0.1235,0.7125,0.6110,0.3138,5.4275,0.0534,4.8705,1.5625,2.7501,14.5084,2.1871,5.3363,3.2213,23.0672,14.3977,2.5933,25.00
20CS_RMI_R61_Plastic,Wine_Bucket,CS,Yolo County,Yolo County,"38.531226, -121.754504",2020,2,1,0,0,0,0,0,0,0,0,0,0,1.2134,0.1213,1.4613,3.9019,0.0582,0.8722,0.8352,0.0000,20.2474,0.1210,4.9915,1.1968,3.1751,10.1824,0.4470,4.9084,3.0758,3.2159,55.6127,0.9362,31.25
20CS_RMI_R61_Plastic,Wine_Bucket,CS,Yolo County,Yolo County,"38.531226, -121.754504",2020,3,1,0,0,0,0,0,0,0,0,0,0,1.2263,0.1280,1.4874,4.1343,0.0470,0.8640,0.9759,0.0000,21.8502,0.0466,6.0172,1.4136,3.8154,13.4245,0.5214,5.4170,3.7054,3.8390,50.5965,0.9949,31.25
20CS_RMI_R61_NoPlastic,Wine_Bucket,CS,Yolo County,Yolo County,"38.531226, -121.754504",2020,2,0,1,0,0,0,0,0,0,0,0,0,1.1106,0.1289,1.4325,3.7649,0.0366,0.8726,0.8556,0.0000,18.2310,0.0514,4.8864,1.1611,3.1328,9.6060,0.3673,4.9528,2.9615,2.5735,64.7005,0.9540,25.00
20CS_RMI_R61_NoPlastic,Wine_Bucket,CS,Yolo County,Yolo County,"38.531226, -121.754504",2020,3,0,1,0,0,0,0,0,0,0,0,0,1.0802,0.1231,1.3546,4.0594,0.0438,0.9441,0.7821,0.0000,18.3918,0.0895,4.9337,1.1680,3.2348,10.8461,0.4432,5.1479,2.9530,3.2744,46.5854,0.9446,25.00
20CS_RMI_R61_UWSH,Wine_Bucket,CS,Yolo County,Yolo County,"38.531226, -121.754504",2020,2,0,0,1,0,0,0,0,0,0,0,0,1.1815,0.1178,1.4684,4.6468,0.0397,1.3093,0.8400,0.0072,21.9570,0.0408,5.8156,1.4478,3.9345,14.9157,0.6568,7.1732,3.6697,7.0196,51.1643,0.9438,25.00
20CS_RMI_R61_UWSH,Wine_Bucket,CS,Yolo County,Yolo County,"38.531226, -121.754504",2020,3,0,0,1,0,0,0,0,0,0,0,0,1.1535,0.1522,1.3543,3.7189,0.0391,0.8657,0.8365,0.0084,21.5499,0.0407,5.4574,1.3468,3.5361,12.2335,0.5324,6.0419,3.4597,4.9593,51.3524,0.8371,25.00
20CS_RMI_R61_WSH,Wine_Bucket,CS,Yolo County,Yolo County,"38.531226, -121.754504",2020,1,0,0,0,1,0,0,0,0,0,0,0,1.0474,0.0782,1.2020,3.7105,0.0410,0.8680,0.6999,0.0285,18.4971,0.1516,5.4574,1.3468,3.5361,12.2335,0.5324,6.0419,3.4597,4.9593,51.3524,0.8371,18.75
20CS_RMI_R61_WSH,Wine_Bucket,CS,Yolo County,Yolo County,"38.531226, -121.754504",2020,2,0,0,0,1,0,0,0,0,0,0,0,1.0325,0.0605,1.1846,3.4476,0.0201,0.8399,0.7021,0.0000,22.1786,0.0000,4.5374,1.0575,2.7517,8.9860,0.3649,4.5705,2.7846,2.5674,55.8723,0.9219,18.75
20CS_RMI_R24 25 58_CNTRL,Wine_TJ,CS,Yolo County,Yolo County,"38.531226, -121.754504",2020,1,0,0,0,0,0,0,0,0,0,0,1,2.5269,0.3350,1.3502,8.0981,0.1601,2.0287,0.7995,0.7380,15.8182,0.2792,8.0262,2.0538,4.4700,25.4970,1.9336,7.4168,4.0365,21.1549,22.4370,1.5716,20.85
20CS_RMI_R24 25 58_CNTRL,Wine_TJ,CS,Yolo County,Yolo County,"38.531226, -121.754504",2020,2,0,0,0,0,0,0,0,0,0,0,1,2.4564,0.3012,1.2981,7.8057,0.1614,2.3410,0.7507,0.8267,16.0714,0.2910,6.7712,1.6890,3.7675,22.0503,1.6441,7.1994,3.5859,17.9743,21.2819,1.3371,20.85
20CS_RMI_R24 25 58_Wcluster,Wine_TJ,CS,Yolo County,Yolo County,"38.531226, -121.754504",2020,2,0,0,0,0,0,0,0,1,0,0,0,1.5981,0.2544,2.1280,5.6118,0.0795,2.2143,0.9902,0.2286,25.5938,0.1719,8.1777,1.3767,4.0593,14.9668,0.6386,6.2544,3.1084,5.3576,40.4278,2.4682,43.75
20CS_RMI_R24 25 58_Wcluster,Wine_TJ,CS,Yolo County,Yolo County,"38.531226, -121.754504",2020,3,0,0,0,0,0,0,0,1,0,0,0,1.6039,0.2520,2.1472,5.7449,0.0813,2.2452,1.0659,0.1988,26.4645,0.1706,9.2089,1.5264,4.6111,17.8830,0.7825,6.8532,3.4949,7.4484,47.9779,2.4675,43.75
20CS_RMI_R24 25 58_Rose_Carb,Wine_TJ,CS,Yolo County,Yolo County,"38.531226, -121.754504",2020,1,0,0,0,0,0,1,0,0,1,0,0,0.2255,0.0000,0.1711,1.7415,0.0082,0.2729,0.1325,0.0000,2.1651,0.1256,1.7454,0.6854,1.2747,4.7539,0.3608,3.2798,1.3731,2.1382,6.3033,0.7812,0.00
20CS_RMI_R24 25 58_Rose_Carb,Wine_TJ,CS,Yolo County,Yolo County,"38.531226, -121.754504",2020,3,0,0,0,0,0,1,0,0,1,0,0,0.3277,0.0000,0.1205,1.5690,0.0072,0.3047,0.1145,0.0000,3.2994,0.1741,1.8065,0.6221,1.0498,4.5053,0.2994,2.6439,1.1095,2.2595,6.6636,1.0930,0.00
20CS_RMI_R24 25 58_Rose_CNTRL,Wine_TJ,CS,Yolo County,Yolo County,"38.531226, -121.754504",2020,1,0,0,0,0,0,0,0,0,1,0,1,0.7907,0.0764,0.7257,3.7001,0.0256,0.7338,0.4473,0.0017,2.0239,0.1705,3.3701,1.0641,2.1894,8.1484,0.9016,4.4980,2.2750,6.0423,11.0452,1.6608,0.00
20CS_RMI_R24 25 58_Rose_CNTRL,Wine_TJ,CS,Yolo County,Yolo County,"38.531226, -121.754504",2020,2,0,0,0,0,0,0,0,0,1,0,1,0.6838,0.0653,0.7280,4.0115,0.0275,0.8713,0.4610,0.0128,5.1105,0.1775,2.9657,0.9827,2.3966,8.8504,1.1198,4.7266,2.3939,6.3721,10.7711,0.9727,0.00
20GN_RMI,Wine_TJ,CS,Yolo County,Yolo County,"38.531226, -121.754504",2020,1,0,0,0,0,0,0,0,0,0,0,0,2.4749,0.5978,1.7124,5.4079,0.2504,2.0184,0.9069,0.9758,4.5600,0.2555,10.0492,2.3574,5.7230,11.6025,4.3000,6.5811,3.5523,18.1997,6.9462,4.2602,6.25
20GN_RMI,Wine_TJ,CS,Yolo County,Yolo County,"38.531226, -121.754504",2020,2,0,0,0,0,0,0,0,0,0,0,0,2.4458,0.7083,1.5016,4.8841,0.2735,1.7307,0.8089,0.9946,3.9651,0.2493,9.3302,2.7977,5.1777,10.9944,3.9792,6.2598,3.3614,18.5846,6.6328,4.2323,6.25
20PS_RMI,Wine_Bucket,CS,Yolo County,Yolo County,"38.531226, -121.754504",2020,1,0,0,0,0,0,0,0,0,0,0,0,2.0201,0.5275,0.4755,2.9787,0.2238,0.9538,1.0225,0.5456,55.0968,12.7487,13.6208,4.6589,7.7793,53.0044,1.8220,11.4338,11.9861,34.2552,82.9260,17.2327,12.50
20PS_RMI,Wine_Bucket,CS,Yolo County,Yolo County,"38.531226, -121.754504",2020,2,0,0,0,0,0,0,0,0,0,0,0,2.0484,0.5750,0.4654,3.4297,0.2630,0.9350,1.0497,0.4813,54.0041,17.4065,13.3305,4.5523,7.4013,49.5651,1.7834,11.4148,11.4907,30.1276,84.3109,17.2327,12.50
20ZN_RMI,Wine_TJ,CS,Yolo County,Yolo County,"38.531226, -121.754504",2020,1,0,0,0,0,0,0,0,0,0,0,0,1.8243,0.3346,0.2918,3.8317,0.1826,1.1028,0.7619,0.6665,7.1656,0.2018,7.2552,1.9822,4.0379,15.3584,1.5454,6.8739,5.8033,8.8569,12.7632,3.9154,22.95
20ZN_RMI,Wine_TJ,CS,Yolo County,Yolo County,"38.531226, -121.754504",2020,2,0,0,0,0,0,0,0,0,0,0,0,2.0163,0.3523,0.4501,3.9350,0.1630,1.2921,0.8489,0.6150,7.4373,0.1942,7.8209,2.1105,4.6805,16.7471,2.1451,7.5373,6.1745,12.3769,12.4629,4.2142,22.95
20TO_Tyree_ASH (NWSH),Wine_Bucket,TO,Yolo County,Yolo County,"38.527853, -121.792535",2020,1,0,0,1,0,0,0,0,0,0,1,0,0.3999,0.0177,0.1279,1.2942,0.0503,0.2758,0.1348,0.0299,0.5964,0.1854,1.9382,0.5627,1.2925,2.8642,1.3180,1.9919,1.2580,1.7219,1.2641,1.4281,0.00
20TO_Tyree_ASH (NWSH),Wine_Bucket,TO,Yolo County,Yolo County,"38.527853, -121.792535",2020,2,0,0,1,0,0,0,0,0,0,1,0,0.4266,0.0204,0.1250,1.0931,0.0425,0.2844,0.1218,0.0298,0.4469,0.1304,2.0511,0.6144,1.4085,3.1345,1.1960,2.1009,1.3689,1.9618,1.1891,1.4738,0.00
20TO_Tyree_ASH_CARB (NWSH),Wine_Bucket,TO,Yolo County,Yolo County,"38.527853, -121.792535",2020,1,0,0,1,0,0,1,0,0,0,1,0,0.1281,0.0000,0.0153,0.6873,0.0294,0.1082,0.0189,0.0000,7.9665,0.1854,1.1554,0.4261,0.8973,2.0783,0.6077,1.8517,0.8283,0.8686,1.0741,1.1585,6.25
20TO_Tyree_ASH_CARB (NWSH),Wine_Bucket,TO,Yolo County,Yolo County,"38.527853, -121.792535",2020,2,0,0,1,0,0,1,0,0,0,1,0,0.0434,0.0000,0.0092,0.4743,0.0199,0.1350,0.0000,0.0000,0.3215,0.1252,0.8812,0.4012,0.9006,1.9498,0.3809,1.7446,0.7819,0.9585,0.1897,0.8942,6.25
20TO_Tyree_WASHCNTRL,Wine_Bucket,TO,Yolo County,Yolo County,"38.527853, -121.792535",2020,1,0,0,0,1,0,0,0,0,0,0,1,0.3394,0.0189,0.1170,0.9236,0.0472,0.1900,0.1076,0.0438,4.5405,0.1731,2.0165,0.5901,1.3407,3.1348,1.4365,2.5097,1.3398,2.6393,0.9378,1.3465,0.00
20TO_Tyree_WASHCNTRL,Wine_Bucket,TO,Yolo County,Yolo County,"38.527853, -121.792535",2020,2,0,0,0,1,0,0,0,0,0,0,1,0.3579,0.0085,0.1202,0.9800,0.0461,0.1955,0.1406,0.0333,0.3862,0.1111,1.8914,0.4922,1.1432,2.7160,1.1739,1.6692,1.1904,1.7015,0.8597,1.2540,0.00
20TO_Tyree_WASHCARB,Wine_Bucket,TO,Yolo County,Yolo County,"38.527853, -121.792535",2020,1,0,0,0,1,0,1,0,0,0,0,0,0.3525,0.0065,0.0672,0.7960,0.0225,0.2927,0.0292,0.0196,1.0395,0.1719,0.6676,0.1743,0.3870,0.8677,0.1795,0.5598,0.3730,0.4631,0.2853,0.2990,18.75
20TO_Tyree_WASHCARB,Wine_Bucket,TO,Yolo County,Yolo County,"38.527853, -121.792535",2020,2,0,0,0,1,0,1,0,0,0,0,0,0.2874,0.0088,0.0984,0.5507,0.0230,0.2742,0.0251,0.0565,0.9263,0.1338,0.6752,0.1980,0.5058,1.0627,0.1948,0.7064,0.4143,0.4919,0.1898,0.2983,18.75
20TO_Tyree_WashWC,Wine_Bucket,TO,Yolo County,Yolo County,"38.527853, -121.792535",2020,1,0,0,0,1,0,0,0,1,0,0,0,0.3933,0.1365,0.1680,1.2125,0.0608,0.3509,0.1532,0.0223,0.5923,0.1558,2.3639,0.7952,1.8455,4.3380,1.8774,2.5552,1.5982,3.6102,1.2771,1.3685,0.00
20TO_Tyree_WashWC,Wine_Bucket,TO,Yolo County,Yolo County,"38.527853, -121.792535",2020,2,0,0,0,1,0,0,0,1,0,0,0,0.4245,0.0554,0.1967,1.1514,0.0461,0.3956,0.1631,0.0414,0.4100,0.1191,2.6469,0.8622,2.2321,4.7976,2.2866,2.7505,1.7768,4.2842,1.2662,1.3578,0.00
20CS_Langtry (Guenoc Valley),Wine_Bucket,CS,Guenoc Valley,Lake County,"38.728, -122.5164",2020,1,0,0,0,0,0,0,0,0,0,0,0,16.1360,2.2986,10.7032,14.6326,0.2419,2.5361,6.8972,0.5511,8.9517,0.8176,37.3090,6.8326,12.5844,23.7095,0.6783,6.4350,13.4371,3.0187,147.1212,56.7399,65.00
20CS_Langtry (Guenoc Valley),Wine_Bucket,CS,Guenoc Valley,Lake County,"38.531226, -121.754504",2020,3,0,0,0,0,0,0,0,0,0,0,0,16.0501,2.2642,10.5344,14.4490,0.2443,2.5309,6.8368,0.5608,36.7287,0.8084,34.7781,6.0475,12.1953,21.6611,0.6486,5.7942,12.2140,2.5185,147.8172,57.5886,65.00
20CS_Arkley,Wine_Bucket,CS,Kelsey Bench-West,Lake County,"38.95, -122.87",2020,1,0,0,0,0,0,0,0,0,0,0,0,1.5463,0.1272,1.3023,4.6061,0.0452,1.0562,0.8901,0.0818,13.6206,0.2113,4.0916,0.6648,1.9380,6.9879,0.2033,2.8490,1.7653,1.0613,22.2433,0.0000,15.00
20CS_Arkley,Wine_Bucket,CS,Kelsey Bench-West,Lake County,"38.95, -122.87",2020,2,0,0,0,0,0,0,0,0,0,0,0,1.7431,0.2993,1.3081,4.7737,0.2600,1.0673,0.8826,0.1231,12.0278,3.2763,4.6633,0.7553,2.1206,7.9979,0.2142,3.3511,2.0703,1.5533,25.7980,0.0000,15.00
20CS_Brandt,Wine_Bucket,CS,Kelsey Bench-Middle,Lake County,"38.956, -122.855",2020,2,0,0,0,0,0,0,0,0,0,0,0,1.6039,0.0992,2.0292,4.9795,0.0234,0.9090,1.0050,0.0293,18.2817,0.0000,4.8335,0.7501,2.7447,9.3374,0.2092,2.8943,2.2942,1.2918,37.1046,1.0157,15.00
20CS_Brandt,Wine_Bucket,CS,Kelsey Bench-Middle,Lake County,"38.956, -122.855",2020,3,0,0,0,0,0,0,0,0,0,0,0,1.6058,0.0944,1.9874,5.0313,0.0229,0.8950,0.9949,0.0287,18.5083,0.0000,4.8062,0.7564,2.7174,9.3372,0.2117,2.9023,2.2749,1.4084,34.6195,0.0000,15.00
20CS_G.Graham (CrimsonHill),Wine_Bucket,CS,Red Hill-East,Lake County,"38.912, -122.654",2020,1,0,0,0,0,0,0,0,0,0,0,0,1.5887,0.2583,1.7882,2.5398,0.0952,0.3790,0.9276,0.0207,16.9900,0.1533,6.0558,1.4752,3.9695,10.0910,0.6017,3.8903,3.2890,4.4459,26.0935,0.0000,25.00
20CS_G.Graham (CrimsonHill),Wine_Bucket,CS,Red Hill-East,Lake County,"38.912, -122.654",2020,3,0,0,0,0,0,0,0,0,0,0,0,1.5930,0.2535,1.7725,2.5323,0.0966,0.3706,0.9348,0.0207,18.8094,0.1844,5.3400,1.3017,3.6420,8.1881,0.5563,3.2414,2.8776,4.5771,32.3744,0.0000,25.00
20CS_ObsidianRidge,Wine_Bucket,CS,Red Hill-South West,Lake County,"38.9047, -122.7719",2020,1,0,0,0,0,0,0,0,0,0,0,0,2.0032,0.1914,2.5556,5.8757,0.0381,1.1134,1.7503,0.1321,18.2372,0.1999,6.2478,1.0074,3.8101,12.3651,0.2571,3.4091,4.0074,2.2322,17.7766,0.0000,25.00
20CS_ObsidianRidge,Wine_Bucket,CS,Red Hill-South West,Lake County,"38.9047, -122.7719",2020,3,0,0,0,0,0,0,0,0,0,0,0,2.0411,0.1877,2.5314,5.9134,0.0367,1.1117,1.7667,0.1372,19.5275,0.0000,6.2575,1.0286,3.7963,12.5830,0.2643,3.4193,4.0313,1.9722,17.8693,1.1915,25.00
20CS_RedHills,Wine_Bucket,CS,Red Hill-Middle,Lake County,"38.9187, -122.7334",2020,1,0,0,0,0,0,0,0,0,0,0,0,2.1230,0.3422,2.1654,3.6987,0.1013,0.7258,1.3737,0.0860,27.9604,0.0000,5.5793,1.2210,3.2926,7.3643,0.4574,3.0613,3.0192,3.4631,46.4988,1.1074,20.00
20CS_RedHills,Wine_Bucket,CS,Red Hill-Middle,Lake County,"38.9187, -122.7334",2020,3,0,0,0,0,0,0,0,0,0,0,0,2.1329,0.3387,2.1275,3.6633,0.1093,0.7130,1.3423,0.0851,28.6611,0.0000,5.6169,1.2774,3.3993,7.5074,0.4750,3.1769,3.1320,2.6986,50.2683,1.1967,20.00
20CS_Rutherford,Wine_Bucket,CS,Rutherford,Lake County,"38.463585853027055, -122.39308677114141",2020,2,0,0,0,0,0,0,0,0,0,0,0,1.2337,0.1360,1.0047,2.3641,0.0506,0.7063,0.4790,0.1011,20.5030,0.2195,3.7323,0.8767,1.7380,5.3165,0.2752,2.2148,1.2186,2.0289,44.1848,0.0000,20.00
20CS_Rutherford,Wine_Bucket,CS,Rutherford,Lake County,"38.463585853027055, -122.39308677114141",2020,3,0,0,0,0,0,0,0,0,0,0,0,1.2609,0.1639,0.9985,2.3951,0.0622,0.7728,0.4834,0.2212,20.4357,0.3684,3.4651,0.8754,1.7081,4.9961,0.2657,2.0573,1.1746,1.7130,41.1501,0.0000,20.00
20CS_Ceago,Wine_Bucket,CS,Clear Lake-North,Lake County,"39.1094, -122.8137",2020,2,0,0,0,0,0,0,0,0,0,0,0,1.7784,0.1823,1.5150,6.0184,0.0963,1.0398,0.9503,0.0928,17.9586,0.8122,4.4161,0.8520,2.3687,10.1236,0.3057,3.0389,2.0681,1.7301,35.4057,0.0000,20.00
20CS_Ceago,Wine_Bucket,CS,Clear Lake-North,Lake County,"39.1094, -122.8137",2020,3,0,0,0,0,0,0,0,0,0,0,0,1.7656,0.1660,1.5004,5.9543,0.0624,1.0196,0.9465,0.0736,17.3541,0.2171,4.5621,0.8635,2.5144,10.5551,0.3494,3.3021,2.1666,2.3236,36.3765,0.0000,20.00
20CS_ShannonRidge (High Valley),Wine_Bucket,CS,High Valley,Lake County,"39.0306, -122.6380",2020,1,0,0,0,0,0,0,0,0,0,0,0,1.6001,0.2031,2.0534,5.1120,0.0444,0.9438,1.2970,0.1002,18.0903,0.0000,5.3201,1.0211,3.1344,10.0841,0.2622,3.4237,3.0346,1.9583,52.3672,1.0047,15.00
20CS_ShannonRidge (High Valley),Wine_Bucket,CS,High Valley,Lake County,"39.0306, -122.6380",2020,2,0,0,0,0,0,0,0,0,0,0,0,1.6006,0.2030,2.0504,5.0130,0.0441,0.9037,1.2836,0.1014,16.0216,0.0000,5.6969,1.1196,3.4046,10.6702,0.2795,3.7820,3.3170,2.0375,59.2284,1.1232,15.00
20CS_CrossSprings (LongValley),Wine_Bucket,CS,High Valley-East,Lake County,"39.0455, -122.5869",2020,1,0,0,0,0,0,0,0,0,0,0,0,1.6722,0.1259,1.9118,4.6210,0.0290,0.6729,0.9872,0.0000,16.5753,0.0000,11.3647,1.7586,5.7776,45.3972,0.7738,9.6806,8.7727,11.7236,21.6366,1.1300,5.00
20CS_CrossSprings (LongValley),Wine_Bucket,CS,High Valley-East,Lake County,"39.0455, -122.5869",2020,3,0,0,0,0,0,0,0,0,0,0,0,1.6813,0.1278,1.9154,4.5549,0.0292,0.6507,0.9828,0.0000,17.3209,0.0000,12.6486,1.8928,6.2906,53.3392,0.9188,11.1976,9.4115,11.5599,21.8300,1.1986,5.00
20CS_SixSigma,Wine_Bucket,CS,North Coast-Middle East,Lake County,"38.58'1"", -122.32'5""",2020,2,0,0,0,0,0,0,0,0,0,0,0,2.9492,0.3523,2.3436,6.6471,0.0349,1.4464,1.6576,0.0874,18.4218,0.0000,6.9993,1.0686,2.8413,9.1332,0.2166,3.0443,2.9214,1.3194,40.6249,3.0403,35.00
20CS_SixSigma,Wine_Bucket,CS,North Coast-Middle East,Lake County,"38.58'1"", -122.32'5""",2020,3,0,0,0,0,0,0,0,0,0,0,0,2.9757,0.3633,2.3456,6.7194,0.0395,1.4628,1.6854,0.0921,19.7543,0.0000,7.6822,1.2099,3.0293,9.9914,0.2321,3.4697,3.2696,1.8159,45.2021,3.0496,35.00
20CS_Vingolo,Wine_Bucket,CS,Big Valley-East,Lake County,"38.9940, -122.8253",2020,2,0,0,0,0,0,0,0,0,0,0,0,1.4126,0.1148,1.2303,4.2878,0.0343,1.0094,0.6744,0.0557,14.0830,0.1798,3.3902,0.6788,1.7397,6.4847,0.2223,2.6188,1.4518,1.4540,32.4471,0.0000,20.00
20CS_Vingolo,Wine_Bucket,CS,Big Valley-East,Lake County,"38.9940, -122.8253",2020,3,0,0,0,0,0,0,0,0,0,0,0,1.4289,0.1300,1.2253,4.4280,0.0383,1.0571,0.6808,0.0543,13.1530,0.2153,4.2946,0.8274,2.0732,8.5924,0.2909,3.4475,1.8215,1.9438,30.4363,0.0000,20.00
20CS_RobinHill,Wine_Bucket,CS,Clear Lake-West,Lake County,"39.1172, -122.8905",2020,2,0,0,0,0,0,0,0,0,0,0,0,1.5156,0.2005,1.4489,5.2293,0.0542,0.8915,0.9701,0.1085,18.4121,0.1420,9.1370,1.3725,5.8214,36.4794,0.7342,8.3429,7.9116,14.2404,21.8840,1.1782,5.00
20CS_RobinHill,Wine_Bucket,CS,Clear Lake-West,Lake County,"39.1172, -122.8905",2020,3,0,0,0,0,0,0,0,0,0,0,0,1.5137,0.1916,1.4323,5.1557,0.0535,0.9204,0.9865,0.1139,18.8969,0.1905,8.8539,1.3552,5.9412,35.8034,0.7201,8.4861,7.8872,14.1734,20.6195,1.1002,5.00
20CS_BellHill,Wine_Bucket,CS,Big Valley-West,Lake County,"38.956850, -122.893044 ",2020,2,0,0,0,0,0,0,0,0,0,0,0,1.5006,0.1278,1.0497,4.5032,0.0322,1.0903,0.6950,0.0681,11.9213,0.2053,3.3681,0.6267,1.5119,6.3378,0.1809,2.3164,1.3405,1.1137,20.5740,0.0000,5.00
20CS_BellHill,Wine_Bucket,CS,Big Valley-West,Lake County,"38.956850, -122.893044 ",2020,3,0,0,0,0,0,0,0,0,0,0,0,1.5033,0.1236,1.0363,4.5978,0.0383,1.1129,0.6804,0.0784,12.3484,0.2124,3.9382,0.7521,1.6774,7.1956,0.2175,2.6453,1.5250,1.4172,21.6834,0.0000,5.00
20PN_BLF_RRV3,Wine_Bucket,PN,Russian River Valley,Sonoma,"38 20'38.494""N, 122 49'21.421""W",2020,1,0,0,0,0,0,0,0,0,0,0,0,19.2162,1.5106,4.4490,6.9968,1.6584,6.8250,2.8921,1.6243,17.2910,1.0369,24.9835,3.4922,5.4011,10.8477,2.1284,7.1360,4.2774,4.8676,28.4275,3.6301,10.00
20PN_BLF_RRV3,Wine_Bucket,PN,Russian River Valley,Sonoma,"38 20'38.494""N, 122 49'21.421""W",2020,2,0,0,0,0,0,0,0,0,0,0,0,19.0439,1.5171,4.4095,6.9381,1.6552,6.7070,2.9136,1.6251,17.4746,1.3078,24.9107,3.4350,5.2503,10.7021,2.1083,7.3921,4.2848,4.5185,27.3710,2.9410,10.00
20PN_FAL_AV2,Wine_Bucket,PN,North Coast,Mendocino,"39 08'09.560""N, 123 32'36.569""W",2020,2,0,0,0,0,0,0,0,0,0,0,0,2.0293,0.3743,1.9614,2.3368,0.0997,1.8430,0.6400,0.2969,20.2783,0.0000,6.7871,1.5418,3.3516,7.9124,0.9040,3.4540,1.5130,7.5999,33.3334,0.0000,5.00
20PN_FAL_AV2,Wine_Bucket,PN,North Coast,Mendocino,"39 08'09.560""N, 123 32'36.569""W",2020,3,0,0,0,0,0,0,0,0,0,0,0,2.0219,0.3747,1.9408,2.3331,0.0997,1.7935,0.6470,0.1970,20.9733,0.0000,6.3855,1.4874,3.2633,7.1198,0.8015,3.3452,1.4848,6.7866,34.3506,0.0000,5.00
20PN_GME_OR1,Wine_Bucket,PN,Yamhill-Carlton,"Yamhill, OR","45 17'38.628""N, 123 15'19.131""W",2020,1,0,0,0,0,0,0,0,0,0,0,0,7.3217,0.9496,6.5128,9.5785,4.8781,3.2087,4.0464,2.1757,23.6851,0.2900,10.8902,1.7355,6.8572,11.8275,4.9995,3.8621,5.1008,3.7966,53.0472,0.6641,20.00
20PN_GME_OR1,Wine_Bucket,PN,Yamhill-Carlton,"Yamhill, OR","45 17'38.628""N, 123 15'19.131""W",2020,2,0,0,0,0,0,0,0,0,0,0,0,7.3655,0.9445,6.5121,9.6413,4.8012,3.2279,4.0763,2.2017,23.0819,0.0000,11.9428,2.0236,7.4938,12.9569,5.1592,4.2671,5.3837,4.7172,50.1175,0.0000,20.00
20PN_P5N_AS1,Wine_Bucket,PN,Central Coast,Monterey ,"36 21'15.495""N,    121 20'06.742""W",2020,1,0,0,0,0,0,0,0,0,0,0,0,3.7513,0.6971,5.5229,12.6588,0.2587,4.6273,4.2604,1.1220,22.0192,0.0000,8.0454,1.8099,7.3085,18.5921,0.9068,5.5169,6.0024,5.7821,27.4384,1.8890,30.00
20PN_P5N_AS1,Wine_Bucket,PN,Central Coast,Monterey ,"36 21'15.495""N,    121 20'06.742""W",2020,3,0,0,0,0,0,0,0,0,0,0,0,3.7483,0.7004,5.4893,12.5160,0.2501,4.6164,4.3067,1.1049,22.5571,0.0000,8.3907,1.9040,7.5968,19.4009,1.0349,5.6951,6.2147,6.3627,27.7353,1.2240,30.00
20PN_RAD_SRH1,Wine_Bucket,PN,Sta. Rita Hills,Santa Barbara,"34 36'31.774""N, 120 23'17.316""W",2020,1,0,0,0,0,0,0,0,0,0,0,0,2.6184,0.2866,2.6367,4.0826,0.0792,2.1526,0.9561,0.1725,16.6043,0.0000,5.9224,1.1067,3.5954,8.4860,0.5395,3.0107,1.8123,3.1167,23.5950,0.0000,20.00
20PN_RAD_SRH1,Wine_Bucket,PN,Sta. Rita Hills,Santa Barbara,"36 36'31.774""N, 120 23'17.316""W",2020,3,0,0,0,0,0,0,0,0,0,0,0,2.6169,0.2847,2.6390,3.6059,0.0805,2.1536,0.9423,0.1698,17.2799,0.0000,7.0250,1.2748,4.0081,10.6592,0.6224,3.2501,2.0836,3.8490,26.4647,0.0000,20.00
20PN_ZNW_OR2,Wine_Bucket,PN,Eola-Amity Hills,Polk,"45 01'43.264""N, 123 09'04.430""W",2020,1,0,0,0,0,0,0,0,0,0,0,0,15.2107,2.3402,9.0991,15.4821,4.6791,5.9703,6.7841,3.7448,23.7572,0.1860,24.1512,4.3643,10.7001,21.0327,5.0093,6.7475,9.4533,6.4511,26.1003,0.6121,40.00
20PN_ZNW_OR2,Wine_Bucket,PN,Eola-Amity Hills,Polk,"45 01'43.264""N, 123 09'04.430""W",2020,2,0,0,0,0,0,0,0,0,0,0,0,15.5695,2.3659,9.3662,15.4016,4.6842,6.1740,6.9763,3.7749,23.3496,0.0000,26.1296,5.1889,12.2851,24.0815,5.1049,7.4714,10.8024,8.1700,29.7674,0.0000,40.00
